id,average-price,build-time,second-hand-resource,district,latitude,second-hand-trading,address,court,url,longtitude,house-type
58ffb55d5e986a05d1cdb95f,82636,2000,1,东城,39.928836822509766,NULL,东起前拐棒胡同，西止东四南大街,南邻礼士胡同 前炒面胡同,https://m.fang.com/xiaoqu/bj/1010581561.html,116.42633819580078,住宅
58ffb5545e986a05d1cdb955,115723,1985,23,东城,39.918922424316406,5,外交部街以北，东堂子胡同以南,外交部街小区,https://m.fang.com/xiaoqu/bj/1010532947.html,116.43089294433594,住宅
58ffb5785e986a05d1cdb978,97219,1999,1,东城,39.894691467285156,NULL,粉厂胡同，天坛路北侧,粉厂胡同,https://m.fang.com/xiaoqu/bj/1010654705.html,116.40987396240234,住宅
58ffb5a65e986a05d1cdb990,108317,2000,9,东城,39.93202590942383,14,东皇城根沙滩后街，景山公园东门,沙滩后街小区,https://m.fang.com/xiaoqu/bj/1010558463.html,116.4069595336914,住宅
58ffb5b35e986a05d1cdb995,128192,1988,302,东城,39.92526626586914,33,王府井灯市口大街，北京景山学校东侧,灯市口小区,https://m.fang.com/xiaoqu/bj/1010215733.html,116.42169952392578,住宅
58ffb5fb5e986a05d1cdb9b0,111321,2001,49,东城,39.91218185424805,8,苏州胡同，与崇文门内大街路口东110米路南,苏州小区,https://m.fang.com/xiaoqu/bj/1010215945.html,116.42723083496094,住宅
58ffb6455e986a05d1cdb9d1,94445,1985,289,东城,39.97358322143555,168,朝阳区和平里东街，与北三环东路路口以南约100米路西,和平街十一区,https://m.fang.com/xiaoqu/bj/1010393787.html,116.42515563964844,住宅
58ffb67c5e986a05d1cdb9e2,127038,1995,125,东城,39.96221923828125,133,和平里西街，地坛东门,和平里三区,https://m.fang.com/xiaoqu/bj/1010215821.html,116.427001953125,住宅
58ffb69d5e986a05d1cdb9f4,92983,2001,109,东城,39.88343811035156,98,龙潭西湖公园西，常青园路,长青园,https://m.fang.com/xiaoqu/bj/1010217783.html,116.4350814819336,住宅
58ffb6b55e986a05d1cdba01,130465,2003,941,东城,39.944339752197266,100,东直门外大街乙36号(地铁东直门站附近春秀路西侧),海晟国际公寓,https://m.fang.com/xiaoqu/bj/1010029094.html,116.44977569580078,住宅
58ffb6ce5e986a05d1cdba0f,107338,2008,40,东城,39.96451950073242,76,和平里中街地坛公园北,安外花园,https://m.fang.com/xiaoqu/bj/1010199441.html,116.41675567626953,住宅
58ffb6fb5e986a05d1cdba19,100050,2001,28,东城,39.88875961303711,64,光明桥西龙潭路龙潭公园北侧,龙潭北里小区,https://m.fang.com/xiaoqu/bj/1010197845.html,116.44461822509766,住宅
58ffb7115e986a05d1cdba22,130465,2003,941,东城,39.944339752197266,100,东直门外大街乙36号(地铁东直门站附近春秀路西侧),海晟名苑,https://m.fang.com/xiaoqu/bj/1010029094.html,116.44977569580078,住宅
58ffb7215e986a05d1cdba2a,116292,2007,792,东城,39.95415115356445,103,东直门香河园路1号院(香河园中街南侧香河园路北侧),万国城Moma,https://m.fang.com/xiaoqu/bj/1010014712.html,116.44519805908203,住宅
58ffb7395e986a05d1cdba39,78051,2006,10,东城,39.89931869506836,32,广渠门内大街南侧幸福北里东,安化南里,https://m.fang.com/xiaoqu/bj/1010664499.html,116.4414291381836,住宅
58ffb7525e986a05d1cdba45,100497,2001,7,东城,39.964263916015625,88,安定门外大街青年湖北门对面,青年湖北里,https://m.fang.com/xiaoqu/bj/1010196885.html,116.4112319946289,住宅
58ffb7695e986a05d1cdba4e,96702,2002,15,东城,39.94646453857422,30,东直门内大街北新仓胡同,北新仓社区,https://m.fang.com/xiaoqu/bj/1010321985.html,116.43464660644531,住宅
58ffb7695e986a05d1cdba4f,116292,2007,792,东城,39.95415115356445,103,东直门香河园路1号院(香河园中街南侧香河园路北侧),当代万国城,https://m.fang.com/xiaoqu/bj/1010014712.html,116.44519805908203,住宅
58ffb79a5e986a05d1cdba5b,146827,2001,18,东城,39.9351806640625,102,仓南胡同与朝阳门北小街路口东北角,南门仓,https://m.fang.com/xiaoqu/bj/1010215899.html,116.43339538574219,住宅
58ffb7ba5e986a05d1cdba63,116292,2007,792,东城,39.95415115356445,103,东直门香河园路1号院(香河园中街南侧香河园路北侧),万国城,https://m.fang.com/xiaoqu/bj/1010014712.html,116.44519805908203,住宅
58ffb7d15e986a05d1cdba69,85632,2014,37,东城,39.90583419799805,13,广渠门立交桥东北侧忠实里一区三号楼,京禧阁,https://m.fang.com/xiaoqu/bj/1010721639.html,116.4517822265625,住宅
58ffb8135e986a05d1cdba76,84161,1999,41,东城,39.90266036987305,57,崇文门外大街5号(地铁崇文门站南崇文门外大街西侧),新世界太华公寓,https://m.fang.com/xiaoqu/bj/1010014193.html,116.42373657226562,住宅
58ffb8345e986a05d1cdba7c,84161,1999,41,东城,39.90266036987305,57,崇文门外大街5号(地铁崇文门站南崇文门外大街西侧),新世界公寓,https://m.fang.com/xiaoqu/bj/1010014193.html,116.42373657226562,住宅
58ffb8655e986a05d1cdba7f,116292,2007,792,东城,39.95415115356445,103,东直门香河园路1号院(香河园中街南侧香河园路北侧),当代万国城Moma,https://m.fang.com/xiaoqu/bj/1010014712.html,116.44519805908203,住宅
58ffb9825e986a05d1cdba9c,84482,2000,4,东城,39.9014892578125,NULL,白桥大街24号广渠门中学隔壁,白桥大街24号楼,https://m.fang.com/xiaoqu/bj/1010504589.html,116.44639587402344,住宅
58ffba1c5e986a05d1cdbabe,111321,2001,49,东城,39.91218185424805,8,苏州胡同与崇文门内大街路口东110米路南,苏州胡同,https://m.fang.com/xiaoqu/bj/1010215945.html,116.42723083496094,住宅
58ffba5f5e986a05d1cdbad0,78990,1995,10,东城,39.897544860839844,44,广渠门桥南300米东二环西侧,南水关,https://m.fang.com/xiaoqu/bj/1010497985.html,116.44821166992188,住宅
58ffbb085e986a05d1cdbade,100050,2001,28,东城,39.88875961303711,64,光明桥西龙潭路龙潭公园北侧,龙潭北里,https://m.fang.com/xiaoqu/bj/1010197845.html,116.44461822509766,住宅
58ffbbe55e986a05d1cdbaed,96119,1985,22,东城,39.930198669433594,2,隆福寺十字路口东南角地铁东四站南侧,东四西大街,https://m.fang.com/xiaoqu/bj/1010566505.html,116.42189025878906,住宅
58ffbbfa5e986a05d1cdbaf3,74252,1996,7,东城,39.96089172363281,1,青年湖公园西侧青年湖南街北侧,青年湖西里,https://m.fang.com/xiaoqu/bj/1010459623.html,116.40486145019531,住宅
58ffbc515e986a05d1cdbaf7,69014,2001,49,东城,39.94184112548828,41,东四十条桥西北角东直门南大街9号,华普花园,https://m.fang.com/xiaoqu/bj/1010215823.html,116.43900299072266,住宅
58ffbcba5e986a05d1cdbafe,135637,2000,65,东城,39.94637680053711,95,交道口东大街南侧北新桥土儿胡同,土儿胡同,https://m.fang.com/xiaoqu/bj/1010483749.html,116.41838836669922,住宅
58ffbed35e986a05d1cdbb17,85653,1983,24,东城,39.97146987915039,47,安定门外大街青年沟路西口,安外甘水桥社区,https://m.fang.com/xiaoqu/bj/1010199439.html,116.41461181640625,住宅
58ffbf0f5e986a05d1cdbb1f,86386,1980,1,东城,39.9619026184082,30,和平里中街南侧地铁和平里北街站东南侧300米,和平里四区,https://m.fang.com/xiaoqu/bj/1010583943.html,116.42755889892578,住宅
58ffc2545e986a05d1cdbb39,120877,2000,5,东城,39.93480682373047,NULL,东四路口的西北方向紧临隆福寺商业街,隆福寺四合院,https://m.fang.com/xiaoqu/bj/1010282543.html,116.42277526855469,住宅
58ffb5535e986a05d1cdb953,114752,2000,13,东城,39.950347900390625,4,安内大街方家胡同(第二十一中学附近),方家胡同,https://m.fang.com/xiaoqu/bj/1010626745.html,116.41902160644531,住宅
58ffb5535e986a05d1cdb954,145716,2001,2,东城,39.93568801879883,NULL,大佛寺东街,大佛寺小区,https://m.fang.com/xiaoqu/bj/1010215721.html,116.4173812866211,住宅
58ffb5555e986a05d1cdb956,129125,2000,8,东城,39.94760513305664,10,鼓楼东大街北侧东公街64号,东公街小区,https://m.fang.com/xiaoqu/bj/1010645303.html,116.41336822509766,住宅
58ffb5565e986a05d1cdb957,99609,2000,4,东城,39.941978454589844,NULL,东四十二条北辛寺胡同,辛寺胡同,https://m.fang.com/xiaoqu/bj/1010648035.html,116.42620849609375,住宅
58ffb5565e986a05d1cdb958,131228,1985,6,东城,39.940982818603516,7,中剪子巷6号院(张自忠路北侧),中剪子巷,https://m.fang.com/xiaoqu/bj/1010716587.html,116.4183578491211,住宅
58ffb5575e986a05d1cdb959,123911,2002,11,东城,39.95210647583008,NULL,雍和宫炮局胡同,炮局胡同,https://m.fang.com/xiaoqu/bj/1010662197.html,116.42930603027344,住宅
58ffb5575e986a05d1cdb95a,146372,2004,6,东城,39.8990364074707,NULL,珠市口东大街161号,珠市口东大街四合院,https://m.fang.com/xiaoqu/bj/1010583907.html,116.41310119628906,住宅
58ffb5585e986a05d1cdb95b,123022,2000,2,东城,39.92886734008789,1,6号线东四站南侧300米报房胡同,报房胡同,https://m.fang.com/xiaoqu/bj/1010403867.html,116.42035675048828,住宅
58ffb55a5e986a05d1cdb95c,98828,1990,10,东城,39.94613265991211,NULL,交道口鼓楼东大街南侧寿比胡同,寿比胡同,https://m.fang.com/xiaoqu/bj/1010579125.html,116.4134521484375,住宅
58ffb55a5e986a05d1cdb95d,122822,2000,14,东城,39.94475555419922,NULL,北新桥黑芝麻胡同,黑芝麻胡同,https://m.fang.com/xiaoqu/bj/1010649305.html,116.40741729736328,住宅
58ffb55c5e986a05d1cdb95e,131355,2000,4,东城,39.89680480957031,NULL,天坛北门东晓市(城铁磁器口南),东晓市,https://m.fang.com/xiaoqu/bj/1010618507.html,116.41841888427734,住宅
58ffb55d5e986a05d1cdb960,135912,2000,3,东城,39.941078186035156,NULL,东四十一条5号,东四十一条,https://m.fang.com/xiaoqu/bj/1010566423.html,116.43012237548828,住宅
58ffb55e5e986a05d1cdb961,123309,2000,15,东城,39.94350814819336,NULL,东直门南小街西侧东四十四条67号,东四十四条,https://m.fang.com/xiaoqu/bj/1010600903.html,116.4284896850586,住宅
58ffb5615e986a05d1cdb962,143371,2000,8,东城,39.93912887573242,NULL,地安门外大街东侧(6号线南锣鼓巷地铁站南侧),南锣鼓巷,https://m.fang.com/xiaoqu/bj/1010282423.html,116.40947723388672,住宅
58ffb5625e986a05d1cdb963,131182,2000,4,东城,39.9377326965332,NULL,北京教育学院东侧东板桥胡同,东板桥胡同,https://m.fang.com/xiaoqu/bj/1010648223.html,116.40818786621094,住宅
58ffb5625e986a05d1cdb964,131024,2000,8,东城,39.94884490966797,1,雍和宫大街东侧北新桥二条,北新桥二条,https://m.fang.com/xiaoqu/bj/1010628023.html,116.4248275756836,住宅
58ffb5635e986a05d1cdb965,94740,2000,1,东城,39.951560974121094,NULL,雍和宫大街东侧戏楼胡同,戏楼胡同,https://m.fang.com/xiaoqu/bj/1010639081.html,116.42426300048828,住宅
58ffb5635e986a05d1cdb966,124591,1992,5,东城,39.95073699951172,51,东直门北小街,后永康胡同,https://m.fang.com/xiaoqu/bj/1010350063.html,116.42955780029297,住宅
58ffb5645e986a05d1cdb967,51117,1995,8,东城,39.8717155456543,68,崇文永定门外沙子口旁,西革新里,https://m.fang.com/xiaoqu/bj/1010197187.html,116.39740753173828,住宅
58ffb5695e986a05d1cdb968,95136,1999,658,东城,39.903900146484375,337,东花市大街与南花市大街交汇处东北角,东花市北里西区,https://m.fang.com/xiaoqu/bj/1010198607.html,116.43760681152344,住宅
58ffb5695e986a05d1cdb969,113142,2001,5,东城,39.936737060546875,NULL,嵩祝院北巷41,钟鼓胡同,https://m.fang.com/xiaoqu/bj/1010216029.html,116.41036224365234,住宅
58ffb56a5e986a05d1cdb96a,120925,2000,27,东城,39.92441940307617,13,东四南大街史家胡同,史家胡同,https://m.fang.com/xiaoqu/bj/1010302749.html,116.42728424072266,住宅
58ffb56b5e986a05d1cdb96b,107058,2000,2,东城,39.925601959228516,NULL,朝阳门南小街西侧东四内务部街,东四内务部街,https://m.fang.com/xiaoqu/bj/1010623947.html,116.42567443847656,住宅
58ffb56b5e986a05d1cdb96c,85623,2001,3,东城,39.929962158203125,NULL,王府井大街华侨大厦南,多福巷,https://m.fang.com/xiaoqu/bj/1010215783.html,116.41938781738281,住宅
58ffb56c5e986a05d1cdb96d,137948,2000,6,东城,39.94816970825195,3,地铁北新桥站东北北新桥头条21号,北新桥头条,https://m.fang.com/xiaoqu/bj/1010517305.html,116.42535400390625,住宅
58ffb56d5e986a05d1cdb96e,134813,2000,15,东城,39.947200775146484,NULL,鼓楼东大街151号楼,鼓楼东大街小区,https://m.fang.com/xiaoqu/bj/1010541583.html,116.4083480834961,住宅
58ffb56e5e986a05d1cdb96f,85301,1999,1,东城,39.93081283569336,NULL,朝阳门内大街路北侧东四地铁西200米,东四头条,https://m.fang.com/xiaoqu/bj/1010341547.html,116.42340850830078,住宅
58ffb5725e986a05d1cdb970,126957,2000,6,东城,39.95045852661133,3,安定门内大街西侧分司厅胡同,分司厅胡同,https://m.fang.com/xiaoqu/bj/1010628663.html,116.41246032714844,住宅
58ffb5735e986a05d1cdb971,112578,2001,8,东城,39.94365310668945,1,交道口南大街东侧,东旺胡同,https://m.fang.com/xiaoqu/bj/1010215771.html,116.42039489746094,住宅
58ffb5745e986a05d1cdb972,128338,2000,2,东城,39.936222076416016,NULL,东板桥街东侧腊库胡同,腊库胡同,https://m.fang.com/xiaoqu/bj/1010638663.html,116.4094467163086,住宅
58ffb5745e986a05d1cdb973,137555,2001,13,东城,39.95016860961914,NULL,北锣鼓巷65号,北锣鼓巷小区,https://m.fang.com/xiaoqu/bj/1010215703.html,116.40911102294922,住宅
58ffb5755e986a05d1cdb974,113379,1990,56,东城,39.934654235839844,1,地铁东四站北侧东四北大街,东四北大街,https://m.fang.com/xiaoqu/bj/1010621823.html,116.41449737548828,住宅
58ffb5765e986a05d1cdb975,107935,2000,19,东城,39.93647384643555,22,东四北大街西侧什锦花园胡同21号,什锦花园胡同,https://m.fang.com/xiaoqu/bj/1010340509.html,116.41838836669922,住宅
58ffb5775e986a05d1cdb976,121224,2001,42,东城,39.942073822021484,1,张自忠路地铁站向北200米路西,府学胡同,https://m.fang.com/xiaoqu/bj/1010215793.html,116.41838836669922,住宅
58ffb5775e986a05d1cdb977,104042,1987,10,东城,39.94123458862305,12,张自忠路地铁站向北100米,东四十二条,https://m.fang.com/xiaoqu/bj/1010215755.html,116.42842864990234,住宅
58ffb57c5e986a05d1cdb979,114811,2000,6,东城,39.95320129394531,NULL,国子监博物馆西侧200米箭厂胡同,箭厂胡同,https://m.fang.com/xiaoqu/bj/1010577503.html,116.41804504394531,住宅
58ffb57c5e986a05d1cdb97a,107942,2000,7,东城,39.931392669677734,NULL,隆福寺连丰胡同,连丰胡同,https://m.fang.com/xiaoqu/bj/1010618351.html,116.42153930664062,住宅
58ffb5815e986a05d1cdb97b,98896,2000,3,东城,39.937408447265625,NULL,地安门东大街南帘子库胡同,帘子库胡同,https://m.fang.com/xiaoqu/bj/1010650179.html,116.40571594238281,住宅
58ffb5815e986a05d1cdb97c,124309,2000,1,东城,39.93498611450195,NULL,东四北大街西侧育群胡同,育群胡同,https://m.fang.com/xiaoqu/bj/1010581481.html,116.42047882080078,住宅
58ffb5825e986a05d1cdb97d,149763,2000,2,东城,39.93275451660156,NULL,华富商贸大厦北侧东四三条,东四三条,https://m.fang.com/xiaoqu/bj/1010566389.html,116.42816925048828,住宅
58ffb5855e986a05d1cdb97e,76853,2000,3,东城,39.93410873413086,NULL,瑞城亿兴大厦南东四十条钱粮胡同,钱粮胡同,https://m.fang.com/xiaoqu/bj/1010659087.html,116.42054748535156,住宅
58ffb5875e986a05d1cdb97f,94942,2008,8,东城,39.954132080078125,NULL,安定大街西侧灵光胡同28号,灵光胡同,https://m.fang.com/xiaoqu/bj/1010436503.html,116.41136932373047,住宅
58ffb58a5e986a05d1cdb980,122184,NULL,1,东城,39.937400817871094,2,东四北大街与东四十条交叉口南行220米路东,东四七条,https://m.fang.com/xiaoqu/bj/1010658775.html,116.42820739746094,住宅
58ffb58b5e986a05d1cdb981,107063,2001,51,东城,39.91832733154297,22,地铁东单站B口向北300米,西总布胡同,https://m.fang.com/xiaoqu/bj/1010215967.html,116.4292221069336,住宅
58ffb58c5e986a05d1cdb982,127327,2000,5,东城,39.94654083251953,NULL,东四北大街东石雀胡同,石雀胡同,https://m.fang.com/xiaoqu/bj/1010639073.html,116.42609405517578,住宅
58ffb58c5e986a05d1cdb983,126817,2000,12,东城,39.953147888183594,NULL,东城区安定门内国子监街,国子监,https://m.fang.com/xiaoqu/bj/1010609427.html,116.4192886352539,住宅
58ffb58e5e986a05d1cdb984,142471,2000,1,东城,39.925968170166016,1,东四南大街东侧本司胡同,本司胡同,https://m.fang.com/xiaoqu/bj/1010607823.html,116.42801666259766,住宅
58ffb5945e986a05d1cdb985,92244,NULL,2,东城,39.94302749633789,NULL,交道口府学胡同北侧,北剪子巷,https://m.fang.com/xiaoqu/bj/1010810237.html,116.4184341430664,住宅
58ffb5965e986a05d1cdb986,103165,2001,5,东城,39.945430755615234,NULL,北新桥地铁C口向东100米路南,九道湾胡同,https://m.fang.com/xiaoqu/bj/1010215841.html,116.42652893066406,住宅
58ffb5975e986a05d1cdb987,122971,2000,6,东城,39.9517936706543,NULL,雍和宫大街东北新桥一巷,雍和宫北新桥一巷,https://m.fang.com/xiaoqu/bj/1010626677.html,116.42322540283203,住宅
58ffb59b5e986a05d1cdb988,120048,1990,1,东城,39.93760681152344,1,宽街阳春胡同(城铁南锣鼓巷站东侧),阳春胡同,https://m.fang.com/xiaoqu/bj/1010580469.html,116.41423797607422,住宅
58ffb59c5e986a05d1cdb989,100588,1984,1,东城,39.94518280029297,NULL,东直门中学西侧新太仓二巷,新太仓二巷,https://m.fang.com/xiaoqu/bj/1010662269.html,116.42887878417969,住宅
58ffb59d5e986a05d1cdb98a,94999,2001,5,东城,39.94322204589844,NULL,地铁张自忠路站向北300米,细管胡同,https://m.fang.com/xiaoqu/bj/1010215973.html,116.42083740234375,住宅
58ffb59e5e986a05d1cdb98b,113803,2001,6,东城,39.93217468261719,NULL,景山东街12号院,景山东街小区,https://m.fang.com/xiaoqu/bj/1010215837.html,116.40601348876953,住宅
58ffb5a15e986a05d1cdb98c,102495,2000,8,东城,39.95153045654297,NULL,东直门北小街和安定门东大街交汇东南,东直门北小街小区,https://m.fang.com/xiaoqu/bj/1010568311.html,116.43207550048828,住宅
58ffb5a25e986a05d1cdb98d,101972,2000,1,东城,39.939205169677734,NULL,东四北大街西侧协作胡同,协作胡同,https://m.fang.com/xiaoqu/bj/1010581265.html,116.42113494873047,住宅
58ffb5a45e986a05d1cdb98e,131412,2000,1,东城,39.94916915893555,22,北新桥三条64号,北新桥三条,https://m.fang.com/xiaoqu/bj/1010553825.html,116.4243392944336,住宅
58ffb5a55e986a05d1cdb98f,118599,1990,77,东城,39.906883239746094,86,祈年大街与崇文门西小街交汇处西行100米路北,前门东大街,https://m.fang.com/xiaoqu/bj/1010339641.html,116.4140853881836,住宅
58ffb5a85e986a05d1cdb991,80486,1991,1,东城,39.93224334716797,13,东四南大街东路东四地铁东北角,东四二条,https://m.fang.com/xiaoqu/bj/1010341583.html,116.42591857910156,住宅
58ffb5aa5e986a05d1cdb992,89544,2000,2,东城,39.92687225341797,7,朝内南小街竹杆胡同(北京二中北侧100米),演乐胡同,https://m.fang.com/xiaoqu/bj/1010506465.html,116.42854309082031,住宅
58ffb5ac5e986a05d1cdb993,99039,2001,2,东城,39.950252532958984,NULL,豆腐池胡同58号,豆腐池小区,https://m.fang.com/xiaoqu/bj/1010215779.html,116.40277099609375,住宅
58ffb5ae5e986a05d1cdb994,86609,1980,4,东城,39.934303283691406,NULL,东城区景山东侧三眼井胡同,三眼井胡同,https://m.fang.com/xiaoqu/bj/1010760187.html,116.40762329101562,住宅
58ffb5b55e986a05d1cdb996,109116,1980,1,东城,39.9023323059082,NULL,崇文门二环内草场七条(西兴隆街南侧),草场七条,https://m.fang.com/xiaoqu/bj/1010563025.html,116.41462707519531,住宅
58ffb5b65e986a05d1cdb997,64456,2000,1,东城,39.94705581665039,NULL,鼓楼东大街北侧大经厂西巷,大经厂西巷,https://m.fang.com/xiaoqu/bj/1010601905.html,116.40599822998047,住宅
58ffb5b95e986a05d1cdb998,136605,2006,25,东城,39.942745208740234,22,交道口帽儿胡同,帽儿胡同,https://m.fang.com/xiaoqu/bj/1010215869.html,116.40536499023438,住宅
58ffb5ba5e986a05d1cdb999,100093,NULL,1,东城,39.901275634765625,NULL,王皮胡同,王皮胡同,https://m.fang.com/xiaoqu/bj/1010122143.html,116.40458679199219,住宅
58ffb5bb5e986a05d1cdb99a,147727,1965,1,东城,39.89693832397461,NULL,崇文门外幸福大街东壁街,东壁街小区,https://m.fang.com/xiaoqu/bj/1010660509.html,116.43340301513672,住宅
58ffb5c15e986a05d1cdb99b,114838,1965,8,东城,39.944091796875,NULL,前圆恩寺胡同5号院,前圆恩寺胡同,https://m.fang.com/xiaoqu/bj/1010579829.html,116.41240692138672,住宅
58ffb5c35e986a05d1cdb99c,90198,1998,1,东城,39.93851852416992,NULL,美术馆后街东侧山老胡同7号,山老胡同,https://m.fang.com/xiaoqu/bj/1010658731.html,116.41725158691406,住宅
58ffb5c75e986a05d1cdb99d,117111,2001,1,东城,39.92748260498047,NULL,王府井步行街后身灯市口地铁出口,灯草胡同,https://m.fang.com/xiaoqu/bj/1010350105.html,116.4254150390625,住宅
58ffb5c85e986a05d1cdb99e,108442,1985,3,东城,39.949859619140625,11,第六医院北侧交道口北三条,交道口北三条,https://m.fang.com/xiaoqu/bj/1010447423.html,116.41981506347656,住宅
58ffb5ca5e986a05d1cdb99f,118532,2001,14,东城,39.948123931884766,1,安内大街交道口北头条,交道口北头条,https://m.fang.com/xiaoqu/bj/1010215831.html,116.4166259765625,住宅
58ffb5cc5e986a05d1cdb9a0,137775,2001,1,东城,39.9273681640625,NULL,王府井大街西侧黄图岗胡同,黄图岗小区,https://m.fang.com/xiaoqu/bj/1010215827.html,116.41584014892578,住宅
58ffb5cd5e986a05d1cdb9a1,110769,2000,1,东城,39.92238235473633,NULL,王府井地铁站北侧王府井大街,王府井大街,https://m.fang.com/xiaoqu/bj/1010645863.html,116.41756439208984,住宅
58ffb5d25e986a05d1cdb9a2,140928,2004,38,东城,39.92582702636719,56,朝阳门桥西南禄米仓大方家胡同,大方家胡同,https://m.fang.com/xiaoqu/bj/1010302735.html,116.4354248046875,住宅
58ffb5d45e986a05d1cdb9a3,87972,1982,222,东城,39.97211456298828,80,和平街煤炭大厦向北60米,和平街十二区,https://m.fang.com/xiaoqu/bj/1010198067.html,116.43222045898438,住宅
58ffb5d85e986a05d1cdb9a4,131184,1985,39,东城,39.93657684326172,38,宽街美术馆后街西侧(北京中医医院南侧),美术馆后街,https://m.fang.com/xiaoqu/bj/1010373877.html,116.41498565673828,住宅
58ffb5dc5e986a05d1cdb9a5,122033,2000,14,东城,39.944034576416016,NULL,交道口东大街南侧大兴胡同,大兴胡同,https://m.fang.com/xiaoqu/bj/1010592583.html,116.41678619384766,住宅
58ffb5de5e986a05d1cdb9a6,134813,1998,3,东城,39.90009307861328,2,崇文门外大街(城铁磁器口站附近),崇文门外大街,https://m.fang.com/xiaoqu/bj/1010420303.html,116.4254379272461,住宅
58ffb5df5e986a05d1cdb9a7,87825,2000,2,东城,39.93621826171875,NULL,黄化门街南侧吉安所北巷,吉安所北巷,https://m.fang.com/xiaoqu/bj/1010577183.html,116.40705871582031,住宅
58ffb5e55e986a05d1cdb9a8,89480,2001,19,东城,39.948341369628906,6,东直门北小街草园胡同,草园胡同,https://m.fang.com/xiaoqu/bj/1010215715.html,116.4295883178711,住宅
58ffb5e65e986a05d1cdb9a9,103987,2001,5,东城,39.94260025024414,NULL,东直门南小街西侧东四十三条,东四十三条,https://m.fang.com/xiaoqu/bj/1010215761.html,116.42786407470703,住宅
58ffb5e75e986a05d1cdb9aa,114663,2000,46,东城,39.94386672973633,2,张自忠路北侧交道口南大街,交道口南大街,https://m.fang.com/xiaoqu/bj/1010600345.html,116.41433715820312,住宅
58ffb5e85e986a05d1cdb9ab,108980,2000,1,东城,39.94343185424805,NULL,秦老胡同,秦老胡同,https://m.fang.com/xiaoqu/bj/1010645107.html,116.41219329833984,住宅
58ffb5eb5e986a05d1cdb9ac,119302,2000,1,东城,39.935794830322266,NULL,东四北大街东侧东四六条,东四六条,https://m.fang.com/xiaoqu/bj/1010566387.html,116.42774200439453,住宅
58ffb5f05e986a05d1cdb9ad,104548,2000,1,东城,39.9381217956543,1,张自忠路南侧南剪子巷,南剪子巷,https://m.fang.com/xiaoqu/bj/1010580315.html,116.41828155517578,住宅
58ffb5f45e986a05d1cdb9ae,116055,1991,21,东城,39.945640563964844,35,交道口南锣鼓巷东侧,菊儿胡同,https://m.fang.com/xiaoqu/bj/1010215845.html,116.4122085571289,住宅
58ffb5fa5e986a05d1cdb9af,119782,2000,1,东城,39.920658111572266,1,东华门街道(故宫博物院附近),南池子胡同,https://m.fang.com/xiaoqu/bj/1010212043.html,116.4095230102539,住宅
58ffb6005e986a05d1cdb9b1,70728,2005,33,东城,39.9466438293457,28,东直门外大街28号(澳大利亚使馆正对面),港湾国际,https://m.fang.com/xiaoqu/bj/1010069632.html,116.45341491699219,住宅
58ffb6025e986a05d1cdb9b2,134407,2000,50,东城,39.945655822753906,56,东城区法院南300米,香饵胡同,https://m.fang.com/xiaoqu/bj/1010530149.html,116.41859436035156,住宅
58ffb6035e986a05d1cdb9b3,104677,2000,1,东城,39.94271469116211,NULL,北京市东城区白米仓胡同,白米仓胡同,https://m.fang.com/xiaoqu/bj/1010645115.html,116.42103576660156,住宅
58ffb6055e986a05d1cdb9b4,98859,1994,25,东城,39.89342498779297,16,天坛东门东300米法华寺路南,法华寺小区,https://m.fang.com/xiaoqu/bj/1010200625.html,116.43058776855469,住宅
58ffb6075e986a05d1cdb9b5,110376,2000,4,东城,39.930015563964844,NULL,朝阳门内大街东单明珠附近,前拐棒胡同,https://m.fang.com/xiaoqu/bj/1010316535.html,116.42813110351562,住宅
58ffb6085e986a05d1cdb9b6,145741,2001,24,东城,39.93159866333008,82,朝内大街与朝阳门北小街交叉口北行200米路东,朝内北小街,https://m.fang.com/xiaoqu/bj/1010340625.html,116.43287658691406,住宅
58ffb60b5e986a05d1cdb9b7,131812,2000,1,东城,39.943748474121094,NULL,北新桥东南八宝坑胡同,八宝坑胡同,https://m.fang.com/xiaoqu/bj/1010602385.html,116.42692565917969,住宅
58ffb60f5e986a05d1cdb9b8,113142,2001,5,东城,39.936737060546875,NULL,嵩祝院北巷41,钟鼓小区,https://m.fang.com/xiaoqu/bj/1010216029.html,116.41036224365234,住宅
58ffb6135e986a05d1cdb9b9,119222,2005,49,东城,39.92599105834961,13,北河沿大街西骑河楼街,骑河楼大街小区,https://m.fang.com/xiaoqu/bj/1010326949.html,116.411376953125,住宅
58ffb6145e986a05d1cdb9ba,70728,2005,33,东城,39.9466438293457,28,东直门外大街28号(澳大利亚使馆正对面),港湾国际酒店式公寓,https://m.fang.com/xiaoqu/bj/1010069632.html,116.45341491699219,住宅
58ffb6185e986a05d1cdb9bb,95228,2000,1,东城,39.935302734375,NULL,北河沿大街西侧后局大院胡同,后局大院,https://m.fang.com/xiaoqu/bj/1010661137.html,116.41291046142578,住宅
58ffb6195e986a05d1cdb9bc,74594,2001,39,东城,39.87127685546875,125,永外沙子口安乐林路22号,天天家园,https://m.fang.com/xiaoqu/bj/1010003496.html,116.41254425048828,住宅
58ffb61d5e986a05d1cdb9bd,108103,2000,10,东城,39.92842102050781,3,朝阳门内南小街礼士胡同,礼士胡同,https://m.fang.com/xiaoqu/bj/1010425425.html,116.4268798828125,住宅
58ffb61e5e986a05d1cdb9be,142857,2000,5,东城,39.9500617980957,NULL,交道口南大街与交道口三条交叉口路北,安定门内四合院,https://m.fang.com/xiaoqu/bj/1010282753.html,116.41564178466797,住宅
58ffb6205e986a05d1cdb9bf,133866,2000,1,东城,39.945281982421875,NULL,方砖胡同北侧辛安里胡同,鼓楼辛安里胡同,https://m.fang.com/xiaoqu/bj/1010581269.html,116.40299224853516,住宅
58ffb6255e986a05d1cdb9c0,83537,1999,224,东城,39.96261978149414,232,东土城路西侧(13号线柳芳地铁站西南侧),砖角楼北里,https://m.fang.com/xiaoqu/bj/1010198195.html,116.43688201904297,住宅
58ffb6275e986a05d1cdb9c1,72209,2000,45,东城,39.96083450317383,36,东土城路7号院,东土城7号院,https://m.fang.com/xiaoqu/bj/1010516865.html,116.43872833251953,住宅
58ffb6295e986a05d1cdb9c2,86187,1976,27,东城,39.970577239990234,NULL,小黄庄前街3号院,小黄庄前街3号内,https://m.fang.com/xiaoqu/bj/1010122421.html,116.42225646972656,住宅
58ffb62a5e986a05d1cdb9c3,85698,1983,35,东城,39.953922271728516,104,左家庄桥东南角,新源西里中街,https://m.fang.com/xiaoqu/bj/1010202545.html,116.45194244384766,住宅
58ffb62c5e986a05d1cdb9c4,71487,1982,31,东城,39.95314407348633,87,三元桥东直门交界处,新源西里东街,https://m.fang.com/xiaoqu/bj/1010530023.html,116.45543670654297,住宅
58ffb62d5e986a05d1cdb9c5,83537,1999,224,东城,39.96261978149414,232,东土城路西侧(13号线柳芳地铁站西南侧),砖角楼南里,https://m.fang.com/xiaoqu/bj/1010198195.html,116.43688201904297,住宅
58ffb62e5e986a05d1cdb9c6,83043,1995,32,东城,39.95709991455078,88,安定门桥西北角,安外西河沿小区,https://m.fang.com/xiaoqu/bj/1010339503.html,116.41287231445312,住宅
58ffb62f5e986a05d1cdb9c7,109783,1999,156,东城,39.947574615478516,260,二到三环之间东直门外大街两侧,东直门外大街,https://m.fang.com/xiaoqu/bj/1010652105.html,116.45071411132812,住宅
58ffb6305e986a05d1cdb9c8,110731,2010,103,东城,39.9301872253418,21,东城区朝阳门内大街8号(朝阳门立交桥向西100米),朝阳首府,https://m.fang.com/xiaoqu/bj/1010544503.html,116.43675994873047,住宅
58ffb6325e986a05d1cdb9c9,73794,1999,57,东城,39.872352600097656,50,永定门外沙子口西革新里110号院,西革新里110号院,https://m.fang.com/xiaoqu/bj/1010663901.html,116.39665222167969,住宅
58ffb6365e986a05d1cdb9ca,54332,1997,21,东城,39.898162841796875,4,南桥湾街与西晓市街交叉口北行50米路西,金鱼池中街一号院,https://m.fang.com/xiaoqu/bj/1010316869.html,116.41366577148438,住宅
58ffb63a5e986a05d1cdb9cb,117790,2004,280,东城,39.90154266357422,225,祈年大街与珠市口东大街交汇处北行80米路东(光明日报大楼北侧),都市馨园,https://m.fang.com/xiaoqu/bj/1010063860.html,116.42123413085938,住宅
58ffb63c5e986a05d1cdb9cc,79963,NULL,8,东城,39.95061111450195,25,东直门桥东北角香河路南,西香河园乙5号院,https://m.fang.com/xiaoqu/bj/1010700183.html,116.4415512084961,住宅
58ffb6425e986a05d1cdb9cd,121067,2000,3,东城,39.94464111328125,NULL,东四北大街东侧板桥南巷,板桥胡同,https://m.fang.com/xiaoqu/bj/1010215689.html,116.4250259399414,住宅
58ffb6435e986a05d1cdb9ce,113881,2005,1745,东城,39.90168762207031,824,崇文门西花市大街8号(新世界商场向东150米),新景家园,https://m.fang.com/xiaoqu/bj/1010003226.html,116.4334716796875,住宅
58ffb6445e986a05d1cdb9cf,36898,2001,23,东城,39.866172790527344,33,南三环北侧永定门外沙子口路65号,宣祥家园,https://m.fang.com/xiaoqu/bj/1010042035.html,116.41292572021484,住宅
58ffb6455e986a05d1cdb9d0,107104,1994,298,东城,39.96923828125,254,安定门外大街60号附近(青年沟路北),小黄庄小区,https://m.fang.com/xiaoqu/bj/1010199445.html,116.4163818359375,住宅
58ffb6495e986a05d1cdb9d2,68746,2001,20,东城,39.86671829223633,138,永定门外沙子口路76号,富莱茵花园,https://m.fang.com/xiaoqu/bj/1010000953.html,116.41304779052734,住宅
58ffb64b5e986a05d1cdb9d3,52778,1999,8,东城,39.87222671508789,53,永定门外西革新里108号院,西革新里108号院,https://m.fang.com/xiaoqu/bj/1010662925.html,116.40079498291016,住宅
58ffb64f5e986a05d1cdb9d4,84813,2005,42,东城,39.869873046875,197,安乐林路与安乐林中街交汇处南行100米路东,新奥洋房,https://m.fang.com/xiaoqu/bj/1010067119.html,116.41548156738281,住宅
58ffb6505e986a05d1cdb9d5,48533,1980,5,东城,39.87089920043945,43,革新南路2号院(永定门桥南500米),革新南路2号院,https://m.fang.com/xiaoqu/bj/1010595905.html,116.40541076660156,住宅
58ffb6525e986a05d1cdb9d6,87274,1998,137,东城,39.970680236816406,198,和平里15号(和平东桥东侧),和平街十五区,https://m.fang.com/xiaoqu/bj/1010533503.html,116.43717193603516,住宅
58ffb6545e986a05d1cdb9d7,88635,2004,413,东城,39.88029098510742,309,龙潭湖左安门内大街77号,左安浦园,https://m.fang.com/xiaoqu/bj/1010040954.html,116.4459228515625,住宅
58ffb6595e986a05d1cdb9d8,117790,2004,280,东城,39.90154266357422,225,祈年大街与珠市口东大街交汇处北行80米路东(光明日报大楼北侧),兴隆都市馨园,https://m.fang.com/xiaoqu/bj/1010063860.html,116.42123413085938,住宅
58ffb65a5e986a05d1cdb9d9,109590,1987,83,东城,39.93776321411133,150,新中街与工人体育场北路交叉路口西南侧(工人体育馆西侧),新中西街,https://m.fang.com/xiaoqu/bj/1010342789.html,116.44570922851562,住宅
58ffb65b5e986a05d1cdb9da,97305,2001,23,东城,39.9401741027832,39,东二环东四十条保利剧院东,新中西里,https://m.fang.com/xiaoqu/bj/1010216003.html,116.44538116455078,住宅
58ffb65f5e986a05d1cdb9db,110070,1996,85,东城,39.96105194091797,160,地坛东门和平里西大街东侧,和平里五区,https://m.fang.com/xiaoqu/bj/1010328905.html,116.42648315429688,住宅
58ffb6605e986a05d1cdb9dc,87364,1998,72,东城,39.96839141845703,NULL,和平里和平东桥西南(近和平里东街路口),和平家园,https://m.fang.com/xiaoqu/bj/1010308695.html,116.43011474609375,住宅
58ffb6645e986a05d1cdb9dd,117790,2004,280,东城,39.90154266357422,225,祈年大街与珠市口东大街交汇处北行80米路东(光明日报大楼北侧),兴隆都市馨园SOLO,https://m.fang.com/xiaoqu/bj/1010063860.html,116.42123413085938,住宅
58ffb6675e986a05d1cdb9de,113881,2005,1745,东城,39.90168762207031,824,崇文门西花市大街8号(新世界商场向东150米),新景家园东区,https://m.fang.com/xiaoqu/bj/1010003226.html,116.4334716796875,住宅
58ffb66f5e986a05d1cdb9df,74492,1999,1,东城,39.92047882080078,12,王府井灯市口协和医院旁,煤渣胡同,https://m.fang.com/xiaoqu/bj/1010340623.html,116.42333221435547,住宅
58ffb6745e986a05d1cdb9e0,68746,2001,20,东城,39.86671829223633,138,永定门外沙子口路76号,富莱茵花园小区,https://m.fang.com/xiaoqu/bj/1010000953.html,116.41304779052734,住宅
58ffb67a5e986a05d1cdb9e1,88109,2000,29,东城,39.97028732299805,68,小黄庄前街13号院,小黄庄前街13号院,https://m.fang.com/xiaoqu/bj/1010645705.html,116.4194564819336,住宅
58ffb67e5e986a05d1cdb9e3,94884,2003,71,东城,39.94243240356445,37,东中街40号(东四十条地铁站东北侧),元嘉国际公寓,https://m.fang.com/xiaoqu/bj/1010015613.html,116.44339752197266,住宅
58ffb6805e986a05d1cdb9e4,129856,1985,8,东城,39.948944091796875,60,安内大街东侧交道口北二条,交道口北二条,https://m.fang.com/xiaoqu/bj/1010479307.html,116.418701171875,住宅
58ffb6815e986a05d1cdb9e5,70898,2001,60,东城,39.86945343017578,98,永外管村32号(木樨园桥西北1000米),悠胜美地赢家,https://m.fang.com/xiaoqu/bj/1010072986.html,116.40011596679688,住宅
58ffb6825e986a05d1cdb9e6,101109,2003,28,东城,39.89921951293945,18,东二环广渠门桥西南角,东方财富,https://m.fang.com/xiaoqu/bj/1010083704.html,116.4433822631836,住宅
58ffb6835e986a05d1cdb9e7,92040,2004,102,东城,39.899234771728516,53,广渠门内大街2号,领行国际中心,https://m.fang.com/xiaoqu/bj/1010055273.html,116.4482421875,住宅
58ffb6885e986a05d1cdb9e8,97009,1996,38,东城,39.895233154296875,7,夕照寺中街(广渠门桥西南),夕照寺中街小区,https://m.fang.com/xiaoqu/bj/1010658723.html,116.4463882446289,住宅
58ffb68a5e986a05d1cdb9e9,84648,1995,9,东城,39.968017578125,47,安定门外大街蒋宅口车站西侧,安外大街3号院,https://m.fang.com/xiaoqu/bj/1010344505.html,116.41321563720703,住宅
58ffb68b5e986a05d1cdb9ea,102272,1988,24,东城,39.95913314819336,164,安德路47号院(青年湖南街东侧),安德路47号院,https://m.fang.com/xiaoqu/bj/1010325663.html,116.40792083740234,住宅
58ffb68e5e986a05d1cdb9eb,97452,2002,146,东城,39.8947868347168,210,天坛路87号,金鱼池小区,https://m.fang.com/xiaoqu/bj/1010197879.html,116.4164047241211,住宅
58ffb68f5e986a05d1cdb9ec,140300,2000,20,东城,39.938472747802734,2,张自忠路南100米,汪芝麻胡同,https://m.fang.com/xiaoqu/bj/1010579343.html,116.42112731933594,住宅
58ffb6915e986a05d1cdb9ed,75720,2000,19,东城,39.9699821472168,90,小黄庄前街(地铁和平西桥南500米),小黄庄前街,https://m.fang.com/xiaoqu/bj/1010555423.html,116.42290496826172,住宅
58ffb6925e986a05d1cdb9ee,90024,2004,61,东城,39.905052185058594,1,崇文门外大街3号,新世界中心公寓,https://m.fang.com/xiaoqu/bj/1010009964.html,116.42428588867188,住宅
58ffb6975e986a05d1cdb9ef,45940,2000,40,东城,39.88912582397461,17,天坛东门体育馆路西侧,东四块玉北街小区,https://m.fang.com/xiaoqu/bj/1010563265.html,116.4307861328125,住宅
58ffb6985e986a05d1cdb9f0,87662,1987,34,东城,39.962730407714844,69,和平里东街12号院东侧交林夹道,交林夹道小区,https://m.fang.com/xiaoqu/bj/1010415347.html,116.4348373413086,住宅
58ffb6995e986a05d1cdb9f1,129682,2000,65,东城,39.93067169189453,29,北河沿大街117号,北河沿大街,https://m.fang.com/xiaoqu/bj/1010513265.html,116.4125747680664,住宅
58ffb69a5e986a05d1cdb9f2,107812,2005,41,东城,39.95830154418945,143,西营房胡同9号院,西营房胡同9号院,https://m.fang.com/xiaoqu/bj/1010303629.html,116.40996551513672,住宅
58ffb69c5e986a05d1cdb9f3,104872,2001,7,东城,39.919395446777344,18,朝阳门南小街东侧,宝珠子胡同,https://m.fang.com/xiaoqu/bj/1010326425.html,116.43648529052734,住宅
58ffb69e5e986a05d1cdb9f5,102011,2001,203,东城,39.95668411254883,66,安定门东滨河路3号院,雍和家园,https://m.fang.com/xiaoqu/bj/1010000238.html,116.42694091796875,住宅
58ffb6a35e986a05d1cdb9f6,74437,2001,8,东城,39.89729309082031,27,广渠门夕照寺街,夕照寺西里小区,https://m.fang.com/xiaoqu/bj/1010215269.html,116.44570922851562,住宅
58ffb6a75e986a05d1cdb9f7,112322,1996,81,东城,39.95875549316406,111,安德路与西营房胡同交叉口东北角,上龙西里,https://m.fang.com/xiaoqu/bj/1010415305.html,116.41278839111328,住宅
58ffb6a85e986a05d1cdb9f8,79620,2000,172,东城,39.9704704284668,3,青年沟路和平街13区(和平里东街以东),和平街十三区,https://m.fang.com/xiaoqu/bj/1010564065.html,116.43238830566406,住宅
58ffb6aa5e986a05d1cdb9f9,110822,2001,66,东城,39.963008880615234,175,青年湖北门对面安德里北街以南,青年湖东里,https://m.fang.com/xiaoqu/bj/1010196887.html,116.4118423461914,住宅
58ffb6ab5e986a05d1cdb9fa,112206,2008,56,东城,39.95793151855469,215,和平里东街11号,民旺园,https://m.fang.com/xiaoqu/bj/1010170411.html,116.43445587158203,住宅
58ffb6ac5e986a05d1cdb9fb,120806,1996,40,东城,39.956886291503906,199,地铁安定门站东北向200米,安外东河沿小区,https://m.fang.com/xiaoqu/bj/1010601943.html,116.4194107055664,住宅
58ffb6ae5e986a05d1cdb9fc,121113,1997,18,东城,39.957889556884766,92,安定门东滨河路和和平里东街交汇处西北,柏林寺小区,https://m.fang.com/xiaoqu/bj/1010378063.html,116.4307632446289,住宅
58ffb6af5e986a05d1cdb9fd,113451,1979,19,东城,39.906761169433594,26,崇文门西大街(城铁崇文门站附近),崇文门西大街,https://m.fang.com/xiaoqu/bj/1010339645.html,116.42078399658203,住宅
58ffb6b05e986a05d1cdb9fe,124429,1988,31,东城,39.95304489135742,1,交道口郎家胡同,郎家胡同,https://m.fang.com/xiaoqu/bj/1010302745.html,116.40727996826172,住宅
58ffb6b45e986a05d1cdb9ff,49447,1998,43,东城,39.86907958984375,77,永定门外管村路(革新南路南侧),管村小区,https://m.fang.com/xiaoqu/bj/1010660455.html,116.40213012695312,住宅
58ffb6b55e986a05d1cdba00,119966,2003,161,东城,39.89493179321289,113,广渠门内夕照寺大街甲1号,绿景苑,https://m.fang.com/xiaoqu/bj/1010000913.html,116.44493103027344,住宅
58ffb6b95e986a05d1cdba02,78094,2001,1,东城,39.874114990234375,127,永定门民主北街26号(永定门桥东南300米),城市亮点,https://m.fang.com/xiaoqu/bj/1010028654.html,116.40823364257812,住宅
58ffb6ba5e986a05d1cdba03,82135,2009,11,东城,39.869380950927734,241,沙子口路甲48号院,华龙美晟,https://m.fang.com/xiaoqu/bj/1010176227.html,116.4118423461914,住宅
58ffb6bb5e986a05d1cdba04,125220,2003,406,东城,39.926719665527344,214,金宝街以北朝阳门内南小街,朝内南小街,https://m.fang.com/xiaoqu/bj/1010302755.html,116.43260192871094,住宅
58ffb6bc5e986a05d1cdba05,91565,2001,23,东城,39.88750076293945,18,天坛火桥北里(龙潭路北),火桥北里,https://m.fang.com/xiaoqu/bj/1010217593.html,116.43993377685547,住宅
58ffb6bd5e986a05d1cdba06,97452,2002,146,东城,39.8947868347168,210,天坛路87号,金鱼池西区,https://m.fang.com/xiaoqu/bj/1010197879.html,116.4164047241211,住宅
58ffb6c15e986a05d1cdba07,109000,2003,305,东城,39.90309524536133,279,东花市南里东区(北京市广渠门中学西侧),本家润园,https://m.fang.com/xiaoqu/bj/1010063300.html,116.44351959228516,住宅
58ffb6c25e986a05d1cdba08,92631,2008,266,东城,39.89895248413086,77,东二环广渠门桥东南角,冠城・名敦道,https://m.fang.com/xiaoqu/bj/1010201823.html,116.45446014404297,住宅
58ffb6c45e986a05d1cdba09,81583,2006,154,东城,39.96775436401367,64,朝阳和平里青年沟路8号,锦鸿阁,https://m.fang.com/xiaoqu/bj/1010127063.html,116.43850708007812,住宅
58ffb6c85e986a05d1cdba0a,49447,1998,43,东城,39.86907958984375,77,永定门外管村路(革新南路南侧),管村26号院,https://m.fang.com/xiaoqu/bj/1010660455.html,116.40213012695312,住宅
58ffb6c95e986a05d1cdba0b,92631,2008,266,东城,39.89895248413086,77,东二环广渠门桥东南角,冠城名敦道,https://m.fang.com/xiaoqu/bj/1010201823.html,116.45446014404297,住宅
58ffb6ca5e986a05d1cdba0c,85319,2001,17,东城,39.890987396240234,50,夕照寺街9号,板厂南里,https://m.fang.com/xiaoqu/bj/1010217579.html,116.44893646240234,住宅
58ffb6cb5e986a05d1cdba0d,132222,2005,81,东城,39.92936706542969,12,前拐棒胡同28号(老外交部对面),禾风相府,https://m.fang.com/xiaoqu/bj/1010049018.html,116.4283218383789,住宅
58ffb6cc5e986a05d1cdba0e,74337,1996,10,东城,39.87059783935547,115,蒲黄榆安乐林路27号,景泰东里,https://m.fang.com/xiaoqu/bj/1010302875.html,116.42129516601562,住宅
58ffb6d35e986a05d1cdba10,94840,1992,4,东城,39.89317321777344,47,体育馆路天坛东门营房西街,营房西街,https://m.fang.com/xiaoqu/bj/1010581347.html,116.43014526367188,住宅
58ffb6d75e986a05d1cdba11,112346,1992,117,东城,39.96571731567383,231,和平里青年沟路与和平里东街十字路口的西南角,和平里七区,https://m.fang.com/xiaoqu/bj/1010340663.html,116.4294662475586,住宅
58ffb6dc5e986a05d1cdba12,107617,2001,31,东城,39.91809844970703,29,东总布胡同38号,东总布胡同,https://m.fang.com/xiaoqu/bj/1010215775.html,116.43649291992188,住宅
58ffb6dd5e986a05d1cdba13,95136,1999,658,东城,39.903900146484375,337,东花市大街与南花市大街交汇处东北角,东花市北里,https://m.fang.com/xiaoqu/bj/1010198607.html,116.43760681152344,住宅
58ffb6e25e986a05d1cdba14,104829,1995,79,东城,39.892295837402344,195,法华寺街与营房西街交汇处东行200米路南,法华南里,https://m.fang.com/xiaoqu/bj/1010198625.html,116.43384552001953,住宅
58ffb6e35e986a05d1cdba15,81120,2006,21,东城,39.87059020996094,177,安乐林中街与安乐林三条交汇处南行120米路西,景泰西里西区,https://m.fang.com/xiaoqu/bj/1010497143.html,116.41362762451172,住宅
58ffb6e75e986a05d1cdba16,115106,2000,105,东城,39.906463623046875,83,崇文门东大街与崇文门外大街交汇处东行400米路南(明城墙遗址公园南侧),崇文门东大街,https://m.fang.com/xiaoqu/bj/1010328707.html,116.4324722290039,住宅
58ffb6ee5e986a05d1cdba17,107812,2005,41,东城,39.95830154418945,143,西营房胡同9号院,西营房小区,https://m.fang.com/xiaoqu/bj/1010303629.html,116.40996551513672,住宅
58ffb6f65e986a05d1cdba18,43743,2000,29,东城,39.867149353027344,14,永定门外沙子口路72号,沙子口72号楼,https://m.fang.com/xiaoqu/bj/1010626671.html,116.41304016113281,住宅
58ffb6ff5e986a05d1cdba1a,60216,2008,21,东城,39.919761657714844,4,建国门北大街5号(华润大厦北侧),金成建国5号,https://m.fang.com/xiaoqu/bj/1010206703.html,116.43988037109375,住宅
58ffb7015e986a05d1cdba1b,66834,2001,2,东城,39.878936767578125,14,左安门内大街龙潭湖旁边,向新西里,https://m.fang.com/xiaoqu/bj/1010215287.html,116.4430923461914,住宅
58ffb7035e986a05d1cdba1c,96065,2002,16,东城,39.96377944946289,27,黄寺大街2号院,黄寺大街2号院,https://m.fang.com/xiaoqu/bj/1010503543.html,116.40914154052734,住宅
58ffb7075e986a05d1cdba1d,102442,2009,63,东城,39.89699935913086,314,广渠门外南街与广和里西路交汇处路东(洲海大厦南侧),广渠家园,https://m.fang.com/xiaoqu/bj/1010316879.html,116.45608520507812,住宅
58ffb70c5e986a05d1cdba1e,113999,2009,19,东城,39.897850036621094,17,金鱼池中街2号院,前门前,https://m.fang.com/xiaoqu/bj/1010342787.html,116.41537475585938,住宅
58ffb70d5e986a05d1cdba1f,107321,2002,505,东城,39.941654205322266,21,东直门外新中街18号(工人体育场北路北),阳光都市,https://m.fang.com/xiaoqu/bj/1010007996.html,116.44654083251953,住宅
58ffb7105e986a05d1cdba20,92599,2003,161,东城,39.94615936279297,197,东直门外大街48号(城铁东直门站东南角),东方银座,https://m.fang.com/xiaoqu/bj/1010018186.html,116.44171142578125,住宅
58ffb7115e986a05d1cdba21,136031,2008,960,东城,39.876319885253906,246,永定门西滨河路8号院(永定门桥西南200米),中海紫御公馆,https://m.fang.com/xiaoqu/bj/1010063105.html,116.39859008789062,住宅
58ffb7125e986a05d1cdba23,122535,2004,633,东城,39.89803695678711,137,广渠门内大街36号,幸福家园,https://m.fang.com/xiaoqu/bj/1010018081.html,116.43875122070312,住宅
58ffb7165e986a05d1cdba24,108489,2003,88,东城,39.90453338623047,159,忠实里南街与忠实里四巷交汇处东行90米(北京文汇中学两侧),东环居苑,https://m.fang.com/xiaoqu/bj/1010061881.html,116.45220947265625,住宅
58ffb7195e986a05d1cdba25,133500,1998,77,东城,39.96116638183594,110,和平里东街与和平里中街交汇处西南角(国家林业局西侧),和平里六区,https://m.fang.com/xiaoqu/bj/1010348523.html,116.43122863769531,住宅
58ffb71a5e986a05d1cdba26,110874,2009,539,东城,39.89344787597656,159,夕照寺街16号院(光明桥与广渠门桥间护城河西岸),华城・滨河世家,https://m.fang.com/xiaoqu/bj/1010053933.html,116.4483642578125,住宅
58ffb71b5e986a05d1cdba27,124393,2006,104,东城,39.9007453918457,61,广渠门内大街与东花市东街交汇处北行100米路西,富贵园四区,https://m.fang.com/xiaoqu/bj/1010384903.html,116.44031524658203,住宅
58ffb71f5e986a05d1cdba28,108599,2004,17,东城,39.88142776489258,23,左安门内大街西侧(龙潭西湖公园南),左安溪园,https://m.fang.com/xiaoqu/bj/1010548429.html,116.44464874267578,住宅
58ffb7205e986a05d1cdba29,108613,2004,470,东城,39.90330123901367,233,广渠门内东花市南里一区(广渠门桥西300米路北),富贵园三区,https://m.fang.com/xiaoqu/bj/1010025818.html,116.44004821777344,住宅
58ffb7225e986a05d1cdba2b,117483,2001,83,东城,39.9432373046875,137,工人体育场北路,东中街小区,https://m.fang.com/xiaoqu/bj/1010215773.html,116.44554138183594,住宅
58ffb7235e986a05d1cdba2c,110524,2003,111,东城,39.953792572021484,59,东直门内北小街东侧(城铁东直门站西北800米),东直门内北小街,https://m.fang.com/xiaoqu/bj/1010499709.html,116.43225860595703,住宅
58ffb7245e986a05d1cdba2d,128513,2002,143,东城,39.94757843017578,106,东直门内大街以南(城铁东直门站西侧),东直门内大街,https://m.fang.com/xiaoqu/bj/1010392229.html,116.43795776367188,住宅
58ffb7255e986a05d1cdba2e,93915,2004,132,东城,39.90169143676758,7,广渠门北里55号,金桥国际公寓,https://m.fang.com/xiaoqu/bj/1010026574.html,116.44888305664062,住宅
58ffb72c5e986a05d1cdba2f,142822,1992,151,东城,39.95366668701172,110,地铁安定门站东南侧永康胡同5号院,永康胡同,https://m.fang.com/xiaoqu/bj/1010532669.html,116.41671752929688,住宅
58ffb72d5e986a05d1cdba30,118597,2000,43,东城,39.92634582519531,19,朝阳门内后芳嘉园胡同,后芳嘉园胡同,https://m.fang.com/xiaoqu/bj/1010564303.html,116.43595886230469,住宅
58ffb72e5e986a05d1cdba31,111814,2012,1460,东城,39.903934478759766,297,东花市街道花市西大街,国瑞城,https://m.fang.com/xiaoqu/bj/1010083162.html,116.428955078125,住宅
58ffb72e5e986a05d1cdba32,135506,2006,246,东城,39.904823303222656,79,新世界商场向西30米路南(崇外大街1号地),新怡家园,https://m.fang.com/xiaoqu/bj/1010072391.html,116.42095947265625,住宅
58ffb72f5e986a05d1cdba33,110874,2009,540,东城,39.89344787597656,159,夕照寺街16号院(光明桥与广渠门桥间护城河西岸),水上华城,https://m.fang.com/xiaoqu/bj/1010053933.html,116.4483642578125,住宅
58ffb7335e986a05d1cdba34,108255,2001,652,东城,39.90323257446289,99,东花市大街118号,花市枣苑,https://m.fang.com/xiaoqu/bj/1010000567.html,116.4356460571289,住宅
58ffb7345e986a05d1cdba35,124945,2006,191,东城,39.896507263183594,74,培新街9号院,保利蔷薇苑,https://m.fang.com/xiaoqu/bj/1010138195.html,116.44246673583984,住宅
58ffb7355e986a05d1cdba36,106567,1993,91,东城,39.9533805847168,38,东直门北大街甲6号院,清水苑,https://m.fang.com/xiaoqu/bj/1010170359.html,116.44264221191406,住宅
58ffb7375e986a05d1cdba37,110272,2004,140,东城,39.895870208740234,114,崇文广渠门大街培新街乙5号,培新街乙5号院,https://m.fang.com/xiaoqu/bj/1010211999.html,116.43966674804688,住宅
58ffb7385e986a05d1cdba38,133462,1985,128,东城,39.95322036743164,164,东直门雍和宫地铁小街桥旁,北官厅胡同,https://m.fang.com/xiaoqu/bj/1010341023.html,116.43262481689453,住宅
58ffb73a5e986a05d1cdba3a,108613,2004,470,东城,39.90330123901367,233,广渠门内东花市南里一区(广渠门桥西300米路北),富贵园一区,https://m.fang.com/xiaoqu/bj/1010025818.html,116.44004821777344,住宅
58ffb73b5e986a05d1cdba3b,89347,1983,46,东城,39.939205169677734,23,东四十条甲34号院,东四十条甲34号院,https://m.fang.com/xiaoqu/bj/1010384993.html,116.4325942993164,住宅
58ffb73f5e986a05d1cdba3c,100325,1995,23,东城,39.96308517456055,NULL,安德里北街附近,安德里北街小区,https://m.fang.com/xiaoqu/bj/1010392143.html,116.40330505371094,住宅
58ffb7415e986a05d1cdba3d,119694,1993,5,东城,39.954647064208984,16,安定门东大街南侧青龙胡同,青龙胡同,https://m.fang.com/xiaoqu/bj/1010215919.html,116.42881774902344,住宅
58ffb7425e986a05d1cdba3e,95136,1999,658,东城,39.903900146484375,337,东花市大街与南花市大街交汇处东北角,东花市北里中区,https://m.fang.com/xiaoqu/bj/1010198607.html,116.43760681152344,住宅
58ffb7465e986a05d1cdba3f,108613,2004,470,东城,39.90330123901367,233,广渠门内东花市南里一区(广渠门桥西300米路北),富贵园,https://m.fang.com/xiaoqu/bj/1010025818.html,116.44004821777344,住宅
58ffb74b5e986a05d1cdba40,103874,2004,149,东城,39.903133392333984,38,广渠门北里36号院,京城仁合,https://m.fang.com/xiaoqu/bj/1010043721.html,116.44905853271484,住宅
58ffb74c5e986a05d1cdba41,95332,2013,36,东城,39.904117584228516,NULL,崇文门外大街(新世界百货正东),国瑞紫金台,https://m.fang.com/xiaoqu/bj/1010742157.html,116.42611694335938,住宅
58ffb74d5e986a05d1cdba42,143617,2003,139,东城,39.933834075927734,172,朝阳门北小街东侧(东四奥林匹克社区公园西侧),仓南胡同,https://m.fang.com/xiaoqu/bj/1010302757.html,116.43424224853516,住宅
58ffb7515e986a05d1cdba43,119787,2003,420,东城,39.9487419128418,253,东直门北中街20号(地铁东直门站附近),民安小区,https://m.fang.com/xiaoqu/bj/1010196823.html,116.43729400634766,住宅
58ffb7515e986a05d1cdba44,98901,2003,77,东城,39.903995513916016,190,广渠门外大街与广渠门北滨河路交汇处北行400米路东(北京文汇中学西侧),金世纪嘉园,https://m.fang.com/xiaoqu/bj/1010023535.html,116.45144653320312,住宅
58ffb7535e986a05d1cdba46,132476,2001,84,东城,39.9462890625,213,北新桥交道口东大街府学小学附近,交东小区,https://m.fang.com/xiaoqu/bj/1010195201.html,116.41761779785156,住宅
58ffb7545e986a05d1cdba47,113881,2005,1753,东城,39.90168762207031,824,崇文门西花市大街8号(新世界商场向东150米),新景家园西区,https://m.fang.com/xiaoqu/bj/1010003226.html,116.4334716796875,住宅
58ffb7575e986a05d1cdba48,116930,2000,35,东城,39.92324447631836,35,灯市口西侧甘雨胡同南侧,甘雨胡同,https://m.fang.com/xiaoqu/bj/1010508913.html,116.42098236083984,住宅
58ffb7585e986a05d1cdba49,121634,2004,15,东城,39.92673110961914,59,朝阳门南小街芳嘉园胡同,芳嘉园,https://m.fang.com/xiaoqu/bj/1010170465.html,116.43376159667969,住宅
58ffb7595e986a05d1cdba4a,109368,2005,30,东城,39.92742156982422,33,东四十条民安南竹杆胡同,南竹杆胡同,https://m.fang.com/xiaoqu/bj/1010316537.html,116.43692016601562,住宅
58ffb75a5e986a05d1cdba4b,122208,2000,33,东城,39.923675537109375,20,灯市口西街北侧东皇城根南街88号,东皇城根南街,https://m.fang.com/xiaoqu/bj/1010540825.html,116.41378784179688,住宅
58ffb7645e986a05d1cdba4c,142347,2003,188,东城,39.93397903442383,226,朝阳门北大街与南门仓胡同交汇处西南角(陆军总医院东南侧),豆瓣胡同,https://m.fang.com/xiaoqu/bj/1010215777.html,116.43802642822266,住宅
58ffb7645e986a05d1cdba4d,123982,2005,144,东城,39.92867660522461,79,朝阳门内南小街,竹杆胡同,https://m.fang.com/xiaoqu/bj/1010302753.html,116.43424987792969,住宅
58ffb76a5e986a05d1cdba50,81052,1996,3,东城,39.927310943603516,1,朝阳门新鲜胡同,新鲜胡同,https://m.fang.com/xiaoqu/bj/1010483783.html,116.43419647216797,住宅
58ffb76c5e986a05d1cdba51,116916,2003,114,东城,39.95863342285156,116,和平里东街11号(东北二环小街桥北100米路东),和平新城,https://m.fang.com/xiaoqu/bj/1010012317.html,116.43243408203125,住宅
58ffb76e5e986a05d1cdba52,94000,1990,18,东城,39.92046356201172,66,赵堂子胡同(朝阳门南小街东侧),赵堂子胡同,https://m.fang.com/xiaoqu/bj/1010436505.html,116.4346694946289,住宅
58ffb76f5e986a05d1cdba53,110793,1995,5,东城,39.954978942871094,NULL,雍和宫地铁站附近安定门东大街南侧,安定门东大街小区,https://m.fang.com/xiaoqu/bj/1010528041.html,116.42537689208984,住宅
58ffb7705e986a05d1cdba54,83669,2003,64,东城,39.929962158203125,31,地铁朝阳门站西侧朝阳门内大街,朝阳门内大街,https://m.fang.com/xiaoqu/bj/1010645153.html,116.43400573730469,住宅
58ffb7775e986a05d1cdba55,124945,2006,191,东城,39.896507263183594,74,培新街9号院,保利蔷薇,https://m.fang.com/xiaoqu/bj/1010138195.html,116.44246673583984,住宅
58ffb77d5e986a05d1cdba56,98320,2001,11,东城,39.92240905761719,11,地铁灯市口站A口向南100米,西堂子胡同,https://m.fang.com/xiaoqu/bj/1010215963.html,116.41967010498047,住宅
58ffb77f5e986a05d1cdba57,92239,2000,22,东城,39.924015045166016,24,地铁灯市口站西侧柏树胡同,柏树胡同,https://m.fang.com/xiaoqu/bj/1010584223.html,116.42290496826172,住宅
58ffb78d5e986a05d1cdba58,107104,1994,298,东城,39.96923828125,254,安定门外大街60号附近(青年沟路北),小黄庄一区,https://m.fang.com/xiaoqu/bj/1010199445.html,116.4163818359375,住宅
58ffb78d5e986a05d1cdba59,73759,1999,97,东城,39.87026596069336,92,永定门外西革新里(管村路北),望陶园,https://m.fang.com/xiaoqu/bj/1010001383.html,116.40006256103516,住宅
58ffb7935e986a05d1cdba5a,106865,2004,60,东城,39.901206970214844,61,中国强胡同与南花市大街交汇处东行340米路北,富贵园二区,https://m.fang.com/xiaoqu/bj/1010495705.html,116.43827819824219,住宅
58ffb79f5e986a05d1cdba5c,83111,1994,126,东城,39.96944046020508,92,青年沟路路北和平家园院内,和平街十区,https://m.fang.com/xiaoqu/bj/1010347667.html,116.42976379394531,住宅
58ffb7a55e986a05d1cdba5d,82156,2000,6,东城,39.95159912109375,175,东直门城铁13号线北侧香河园路南,东直门北大街,https://m.fang.com/xiaoqu/bj/1010498585.html,116.44135284423828,住宅
58ffb7a65e986a05d1cdba5e,70191,1998,5,东城,39.94388961791992,NULL,东中街22号,东中街22号,https://m.fang.com/xiaoqu/bj/1010656039.html,116.44319915771484,住宅
58ffb7a85e986a05d1cdba5f,62465,1998,52,东城,39.894622802734375,1,夕照寺大街14号(光明桥北300米),富瑞苑公寓,https://m.fang.com/xiaoqu/bj/1010000212.html,116.4476089477539,住宅
58ffb7ad5e986a05d1cdba60,94144,1998,2,东城,39.89523696899414,4,天坛路北侧(天坛公园附近),天坛北里,https://m.fang.com/xiaoqu/bj/1010339545.html,116.41925811767578,住宅
58ffb7b45e986a05d1cdba61,91188,1996,28,东城,39.97746658325195,44,安贞桥东北角安贞苑50号院,安贞苑50号院,https://m.fang.com/xiaoqu/bj/1010696507.html,116.41506958007812,住宅
58ffb7b95e986a05d1cdba62,76190,1995,5,东城,39.946861267089844,26,安定门东大街出入境检测局楼上,安定门东大街甲2号,https://m.fang.com/xiaoqu/bj/1010658893.html,116.41895294189453,住宅
58ffb7be5e986a05d1cdba64,116695,2001,69,东城,39.91946029663086,74,东二环赵家楼饭店大羊宜宾胡同,大羊宜宾胡同,https://m.fang.com/xiaoqu/bj/1010215729.html,116.43438720703125,住宅
58ffb7bf5e986a05d1cdba65,89041,1995,17,东城,39.973140716552734,NULL,安外大街6号楼,安外大街6号楼,https://m.fang.com/xiaoqu/bj/1010532703.html,116.4145736694336,住宅
58ffb7c15e986a05d1cdba66,109427,2005,128,东城,39.92628860473633,93,朝阳门南小街东侧,西水井胡同,https://m.fang.com/xiaoqu/bj/1010322185.html,116.43749237060547,住宅
58ffb7cf5e986a05d1cdba67,116880,2008,204,东城,39.89802932739258,39,广渠门内大街南培新街汇文中学体育馆东侧,北京上舍,https://m.fang.com/xiaoqu/bj/1010160585.html,116.44271087646484,住宅
58ffb7d05e986a05d1cdba68,114118,2003,93,东城,39.898521423339844,16,两广大街安化北里2号院,天利园,https://m.fang.com/xiaoqu/bj/1010070294.html,116.44293975830078,住宅
58ffb7d25e986a05d1cdba6a,107563,1988,45,东城,39.89161682128906,66,光明桥西200米路北,光明楼小区,https://m.fang.com/xiaoqu/bj/1010308679.html,116.44562530517578,住宅
58ffb7d65e986a05d1cdba6b,92040,2004,102,东城,39.899234771728516,53,广渠门内大街2号,领行国际,https://m.fang.com/xiaoqu/bj/1010055273.html,116.4482421875,住宅
58ffb7da5e986a05d1cdba6c,120806,1996,40,东城,39.956886291503906,199,地铁安定门站东北向200米,安外东河沿,https://m.fang.com/xiaoqu/bj/1010601943.html,116.4194107055664,住宅
58ffb7de5e986a05d1cdba6d,106713,2003,110,东城,39.942100524902344,256,海运仓胡同(东直门南小街与北仓门胡同交叉口东北方向),海运仓,https://m.fang.com/xiaoqu/bj/1010068550.html,116.43453216552734,住宅
58ffb7e65e986a05d1cdba6e,125688,1989,1,东城,39.924224853515625,12,朝阳门南小街东罗圈胡同,东罗圈胡同,https://m.fang.com/xiaoqu/bj/1010397347.html,116.43150329589844,住宅
58ffb7ea5e986a05d1cdba6f,105086,2000,40,东城,39.941036224365234,NULL,东四十条附近南颂年胡同,南颂年胡同,https://m.fang.com/xiaoqu/bj/1010567583.html,116.4344482421875,住宅
58ffb7ec5e986a05d1cdba70,104518,1985,20,东城,39.88645935058594,53,天坛公园东门地铁5号线边上,龙潭西里,https://m.fang.com/xiaoqu/bj/1010527277.html,116.43409729003906,住宅
58ffb7f15e986a05d1cdba71,129987,2003,67,东城,39.895835876464844,88,夕照寺街与夕照寺中街交汇处北行120米路东,绿景馨园,https://m.fang.com/xiaoqu/bj/1010308681.html,116.4472427368164,住宅
58ffb7f55e986a05d1cdba72,143040,2004,19,东城,39.93171310424805,76,朝阳门内北小街南弓匠营胡同,南弓匠营小区,https://m.fang.com/xiaoqu/bj/1010328731.html,116.43380737304688,住宅
58ffb7fd5e986a05d1cdba73,84271,2001,29,东城,39.96370315551758,32,北京安定门外安德里北路13号,三秀涵雅居,https://m.fang.com/xiaoqu/bj/1010003840.html,116.4129867553711,住宅
58ffb8045e986a05d1cdba74,87811,1995,1,东城,39.94255065917969,NULL,东中街36号,东中街36号,https://m.fang.com/xiaoqu/bj/1010676111.html,116.4435043334961,住宅
58ffb80c5e986a05d1cdba75,93915,2004,132,东城,39.90169143676758,7,广渠门北里55号,金桥国际酒店公寓,https://m.fang.com/xiaoqu/bj/1010026574.html,116.44888305664062,住宅
58ffb81d5e986a05d1cdba77,107572,2000,3,东城,39.92157745361328,16,南河沿大街西侧东华门大街20号,东华门大街,https://m.fang.com/xiaoqu/bj/1010513225.html,116.410888671875,住宅
58ffb81d5e986a05d1cdba78,97452,2002,146,东城,39.8947868347168,210,天坛路87号,金鱼池东区,https://m.fang.com/xiaoqu/bj/1010197879.html,116.4164047241211,住宅
58ffb81e5e986a05d1cdba79,98034,2001,2,东城,39.95358657836914,17,雍和宫大街藏经馆15号,藏经馆胡同,https://m.fang.com/xiaoqu/bj/1010215713.html,116.42542266845703,住宅
58ffb8225e986a05d1cdba7a,142347,2003,188,东城,39.93397903442383,226,朝阳门北大街与南门仓胡同交汇处西南角(陆军总医院东南侧),豆瓣小区,https://m.fang.com/xiaoqu/bj/1010215777.html,116.43802642822266,住宅
58ffb8265e986a05d1cdba7b,97143,2000,7,东城,39.9717903137207,NULL,安外大街10号楼,安外大街10号楼,https://m.fang.com/xiaoqu/bj/1010500383.html,116.4146499633789,住宅
58ffb8415e986a05d1cdba7d,110532,2000,75,东城,39.91456985473633,17,地铁建国门站北建国门内大街,建国门内大街,https://m.fang.com/xiaoqu/bj/1010523721.html,116.43363189697266,住宅
58ffb8425e986a05d1cdba7e,95136,1999,658,东城,39.903900146484375,337,东花市大街与南花市大街交汇处东北角,东花市北里东区,https://m.fang.com/xiaoqu/bj/1010198607.html,116.43760681152344,住宅
58ffb8665e986a05d1cdba80,93104,2000,6,东城,39.9293327331543,10,朝阳门内大街288号院,禾风仕家,https://m.fang.com/xiaoqu/bj/1010001806.html,116.42681884765625,住宅
58ffb8695e986a05d1cdba81,105474,1990,14,东城,39.919517517089844,1,外交部街33号院,外交部街33号院,https://m.fang.com/xiaoqu/bj/1010341091.html,116.42781829833984,住宅
58ffb86e5e986a05d1cdba82,84924,2000,17,东城,39.89215087890625,42,光明楼光明西里(光明西街旁),光明西里,https://m.fang.com/xiaoqu/bj/1010568103.html,116.44144439697266,住宅
58ffb88b5e986a05d1cdba83,75044,1992,10,东城,39.89120864868164,39,体育馆西路(天坛东侧300米),体育馆西路,https://m.fang.com/xiaoqu/bj/1010341067.html,116.43096160888672,住宅
58ffb8925e986a05d1cdba84,104829,1995,79,东城,39.892295837402344,195,法华寺街与营房西街交汇处东行200米路南,法华寺南里,https://m.fang.com/xiaoqu/bj/1010198625.html,116.43384552001953,住宅
58ffb8b15e986a05d1cdba85,102860,1998,4,东城,39.95997619628906,NULL,青年湖南街27号,青年湖南街27号,https://m.fang.com/xiaoqu/bj/1010659103.html,116.40275573730469,住宅
58ffb8b25e986a05d1cdba86,101331,2000,3,东城,39.9171028137207,2,东总布胡同南侧贡院西街,贡院西街小区,https://m.fang.com/xiaoqu/bj/1010645783.html,116.43721008300781,住宅
58ffb8bf5e986a05d1cdba87,77343,2001,13,东城,39.94270706176758,2,新中街乙12号,东外公馆,https://m.fang.com/xiaoqu/bj/1010232903.html,116.4493408203125,住宅
58ffb8ce5e986a05d1cdba88,100470,2001,31,东城,39.95694351196289,24,安德路12号(鼓楼外大街东300米),中景濠庭,https://m.fang.com/xiaoqu/bj/1010012282.html,116.40531158447266,住宅
58ffb8d95e986a05d1cdba89,106589,2008,82,东城,39.9385986328125,42,工体北路66号(港澳中心东侧),瑞士公寓,https://m.fang.com/xiaoqu/bj/1010186463.html,116.44327545166016,住宅
58ffb8dd5e986a05d1cdba8a,75593,2009,60,东城,39.916683197021484,13,贡院西街9号,贡院9号,https://m.fang.com/xiaoqu/bj/1010547185.html,116.43716430664062,住宅
58ffb8de5e986a05d1cdba8b,99582,2000,1,东城,39.928157806396484,35,东二环朝阳门地铁站西南,北竹杆小区,https://m.fang.com/xiaoqu/bj/1010328703.html,116.4366683959961,住宅
58ffb8e25e986a05d1cdba8c,99794,2000,暂无,东城,39.949951171875,NULL,东扬威街与民安街交汇西南,东扬威街,https://m.fang.com/xiaoqu/bj/1010645363.html,116.43854522705078,住宅
58ffb8e95e986a05d1cdba8d,120901,2007,57,东城,39.89895248413086,68,崇外大街磁器口向东300米路南,新裕家园,https://m.fang.com/xiaoqu/bj/1010036774.html,116.42975616455078,住宅
58ffb8f15e986a05d1cdba8e,130641,NULL,1,东城,39.96235275268555,NULL,鼓楼外大街与安德里北街交汇处南行100米路东,六铺炕小区,https://m.fang.com/xiaoqu/bj/1010834071.html,116.40203857421875,住宅
58ffb91d5e986a05d1cdba8f,66321,2001,4,东城,39.957183837890625,2,和平里东街11号,雍和家园二期,https://m.fang.com/xiaoqu/bj/1010319585.html,116.42585754394531,住宅
58ffb9215e986a05d1cdba90,84134,2000,26,东城,39.91625213623047,6,建国门内贡院西街6号,贡院六号,https://m.fang.com/xiaoqu/bj/1010082100.html,116.4380111694336,住宅
58ffb92a5e986a05d1cdba91,114371,2008,511,东城,39.956356048583984,23,东直门香河园路1号,当代MOMA,https://m.fang.com/xiaoqu/bj/1010187103.html,116.44364166259766,住宅
58ffb9345e986a05d1cdba92,132534,2004,79,东城,39.90090560913086,23,崇外大街5号(磁器口地铁站西北角新成文化大厦西),新世界家园,https://m.fang.com/xiaoqu/bj/1010012263.html,116.4237060546875,住宅
58ffb93f5e986a05d1cdba93,98325,2004,174,东城,39.88078308105469,86,左安门内大街东侧(左安门桥向北100米路东),左安漪园,https://m.fang.com/xiaoqu/bj/1010052133.html,116.44698333740234,住宅
58ffb94f5e986a05d1cdba94,96217,2000,1,东城,39.943511962890625,NULL,帽儿胡同小学北侧景阳胡同,景阳胡同,https://m.fang.com/xiaoqu/bj/1010525945.html,116.40674591064453,住宅
58ffb9545e986a05d1cdba95,117221,2000,2,东城,39.94465255737305,NULL,东四十四条小学北罗车胡同,罗车胡同,https://m.fang.com/xiaoqu/bj/1010645823.html,116.42900848388672,住宅
58ffb9585e986a05d1cdba96,79466,2000,1,东城,39.93952560424805,NULL,地安门东大街41号,宽街四合院,https://m.fang.com/xiaoqu/bj/1010283063.html,116.4176254272461,住宅
58ffb9675e986a05d1cdba97,148094,2000,2,东城,39.94455337524414,NULL,新太仓胡同,新太仓胡同,https://m.fang.com/xiaoqu/bj/1010403869.html,116.42742919921875,住宅
58ffb96d5e986a05d1cdba98,101967,2000,1,东城,39.94392776489258,NULL,东直门南小街47号,东直门内南小街,https://m.fang.com/xiaoqu/bj/1010543023.html,116.43213653564453,住宅
58ffb9725e986a05d1cdba99,97709,1982,26,东城,39.9450569152832,16,交道口香饵胡同南侧花梗胡同1号,花梗胡同,https://m.fang.com/xiaoqu/bj/1010519663.html,116.41889953613281,住宅
58ffb9775e986a05d1cdba9a,126823,2000,2,东城,39.941192626953125,NULL,府学胡同36号,交道口四合院,https://m.fang.com/xiaoqu/bj/1010282983.html,116.41546630859375,住宅
58ffb9785e986a05d1cdba9b,123694,2000,2,东城,39.94420623779297,NULL,文丞相祠东侧文丞相胡同,文丞相胡同,https://m.fang.com/xiaoqu/bj/1010624391.html,116.41639709472656,住宅
58ffb9845e986a05d1cdba9d,109415,2000,2,东城,39.9517707824707,23,安内大街西侧车辇店胡同,车辇店胡同,https://m.fang.com/xiaoqu/bj/1010645159.html,116.41158294677734,住宅
58ffb9865e986a05d1cdba9e,44138,1995,19,东城,39.87342834472656,4,永定门桥南200米,革新里小区,https://m.fang.com/xiaoqu/bj/1010217867.html,116.40348815917969,住宅
58ffb9875e986a05d1cdba9f,119544,2008,33,东城,39.90372085571289,58,白桥大街10号(东便门桥东南300米),天娇园,https://m.fang.com/xiaoqu/bj/1010163583.html,116.44581604003906,住宅
58ffb98b5e986a05d1cdbaa0,100007,1970,27,东城,39.888179779052734,49,天坛东路与龙潭路交叉口南50米,天坛东里,https://m.fang.com/xiaoqu/bj/1010196955.html,116.42681121826172,住宅
58ffb9915e986a05d1cdbaa1,73649,1995,55,东城,39.867069244384766,145,南三环赵公口桥北300米路西,定安里,https://m.fang.com/xiaoqu/bj/1010217865.html,116.41939544677734,住宅
58ffb9995e986a05d1cdbaa2,46825,1989,2,东城,39.86777114868164,15,沙子口路70号(木樨园桥东北500米),沙子口路70号,https://m.fang.com/xiaoqu/bj/1010574943.html,116.41256713867188,住宅
58ffb99d5e986a05d1cdbaa3,80566,2000,1,东城,39.93517303466797,NULL,东四五条北侧育芳胡同,育芳胡同,https://m.fang.com/xiaoqu/bj/1010581445.html,116.43142700195312,住宅
58ffb99f5e986a05d1cdbaa4,83928,2000,8,东城,39.87993621826172,2,南二环内永定门桥东北角,天坛南里西区,https://m.fang.com/xiaoqu/bj/1010515385.html,116.40789031982422,住宅
58ffb9a05e986a05d1cdbaa5,68770,2001,21,东城,39.87941360473633,91,永定门东街路北,永定门东街,https://m.fang.com/xiaoqu/bj/1010215307.html,116.4134750366211,住宅
58ffb9a15e986a05d1cdbaa6,100007,1970,27,东城,39.888179779052734,49,天坛东路与龙潭路交叉口南50米,天坛东里中区,https://m.fang.com/xiaoqu/bj/1010196955.html,116.42681121826172,住宅
58ffb9a65e986a05d1cdbaa7,96580,1980,14,东城,39.87942886352539,NULL,永内东街(永定门桥东侧),永内东街东里,https://m.fang.com/xiaoqu/bj/1010348507.html,116.41345977783203,住宅
58ffb9b05e986a05d1cdbaa8,60810,2001,11,东城,39.87582015991211,53,永定门外大街西侧(中海紫御公馆南侧),永铁苑,https://m.fang.com/xiaoqu/bj/1010215311.html,116.39962768554688,住宅
58ffb9b15e986a05d1cdbaa9,94596,2000,12,东城,39.89051818847656,39,体育馆路法华南里26号,体育馆路,https://m.fang.com/xiaoqu/bj/1010644863.html,116.4289321899414,住宅
58ffb9b95e986a05d1cdbaaa,116471,2001,2,东城,39.89421844482422,39,培新街幸福北里(培新小学附近),幸福北里,https://m.fang.com/xiaoqu/bj/1010215295.html,116.44038391113281,住宅
58ffb9c25e986a05d1cdbaab,85407,1990,1,东城,39.94658279418945,NULL,东直门外大街34号,东直门外大街34号,https://m.fang.com/xiaoqu/bj/1010663125.html,116.45164489746094,住宅
58ffb9c35e986a05d1cdbaac,73114,1988,3,东城,39.87406921386719,101,景泰路与桃杨路交叉点东南角,李村东里,https://m.fang.com/xiaoqu/bj/1010302685.html,116.4207534790039,住宅
58ffb9c55e986a05d1cdbaad,43601,2000,1,东城,39.964176177978516,NULL,东土城路1号院,东土城路1号,https://m.fang.com/xiaoqu/bj/1010351625.html,116.43783569335938,住宅
58ffb9d35e986a05d1cdbaae,66818,2001,42,东城,39.87036895751953,77,永外管村路12号,建予园,https://m.fang.com/xiaoqu/bj/1010000518.html,116.40255737304688,住宅
58ffb9de5e986a05d1cdbaaf,60248,2000,16,东城,39.866432189941406,10,永外沙子口路55号(宝华里东南方),宝华家园,https://m.fang.com/xiaoqu/bj/1010000946.html,116.40867614746094,住宅
58ffb9e95e986a05d1cdbab0,96580,1980,14,东城,39.87942886352539,NULL,永内东街(永定门桥东侧),永内东街西里,https://m.fang.com/xiaoqu/bj/1010348507.html,116.41345977783203,住宅
58ffb9f75e986a05d1cdbab1,108027,1990,49,东城,39.89145278930664,14,幸福大街南端东侧,幸福南里,https://m.fang.com/xiaoqu/bj/1010215303.html,116.43952941894531,住宅
58ffb9f85e986a05d1cdbab2,107275,2000,74,东城,39.89932632446289,48,广渠门内大街与夕照寺街交汇处西南角(广渠门内地铁站南侧),广渠门内大街,https://m.fang.com/xiaoqu/bj/1010347629.html,116.4405517578125,住宅
58ffb9f95e986a05d1cdbab3,90420,1989,8,东城,39.919517517089844,9,朝阳门南小街阳照胡同,阳照胡同,https://m.fang.com/xiaoqu/bj/1010356211.html,116.43548583984375,住宅
58ffba005e986a05d1cdbab4,65524,2000,9,东城,39.898807525634766,NULL,两广路广渠门内大街12号,广渠门内大街12号,https://m.fang.com/xiaoqu/bj/1010376547.html,116.442138671875,住宅
58ffba0c5e986a05d1cdbab5,108075,1980,91,东城,39.950843811035156,194,东直门外小街与春秀路交叉路口北侧(2号线东直门地铁站东600米),胡家园小区,https://m.fang.com/xiaoqu/bj/1010198139.html,116.45018005371094,住宅
58ffba0d5e986a05d1cdbab6,111857,1995,1,东城,39.94844436645508,2,鼓楼东大街宝钞胡同,宝钞胡同,https://m.fang.com/xiaoqu/bj/1010326423.html,116.40636444091797,住宅
58ffba0e5e986a05d1cdbab7,125022,1992,111,东城,39.94614791870117,125,东直门外大街春秀路西侧,春秀路小区,https://m.fang.com/xiaoqu/bj/1010198409.html,116.45054626464844,住宅
58ffba125e986a05d1cdbab8,83324,2000,92,东城,39.96986770629883,25,青年沟路和和平里西街交汇处东北,和平街八区,https://m.fang.com/xiaoqu/bj/1010572623.html,116.42655181884766,住宅
58ffba135e986a05d1cdbab9,91089,1991,46,东城,39.96635055541992,63,北京市东城区和平里兴化西里加油站东口东侧,兴化西里,https://m.fang.com/xiaoqu/bj/1010196665.html,116.41707611083984,住宅
58ffba145e986a05d1cdbaba,109077,1991,24,东城,39.9580078125,85,东直门北大街与香河园路交汇处东南角,香河园北里,https://m.fang.com/xiaoqu/bj/1010215983.html,116.44180297851562,住宅
58ffba165e986a05d1cdbabb,119205,1980,16,东城,39.945186614990234,78,东直门外大街南侧(东方银座东侧),十字坡西里,https://m.fang.com/xiaoqu/bj/1010443503.html,116.44470977783203,住宅
58ffba175e986a05d1cdbabc,58360,2000,40,东城,39.95903778076172,29,和平里东土城路9号院,东土城路9号院,https://m.fang.com/xiaoqu/bj/1010200623.html,116.43834686279297,住宅
58ffba185e986a05d1cdbabd,66284,2000,44,东城,39.96584701538086,18,青年沟路北侧兴化路,兴化路,https://m.fang.com/xiaoqu/bj/1010506595.html,116.41968536376953,住宅
58ffba215e986a05d1cdbabf,96692,2000,6,东城,39.90270233154297,2,广渠门桥东北角忠实里南街,忠实里南街小区,https://m.fang.com/xiaoqu/bj/1010635023.html,116.45179748535156,住宅
58ffba265e986a05d1cdbac0,101391,1989,12,东城,39.93143844604492,2,王府井五四大街北侧沙滩北街,沙滩北街小区,https://m.fang.com/xiaoqu/bj/1010423947.html,116.40936279296875,住宅
58ffba285e986a05d1cdbac1,95366,1985,62,东城,39.95433807373047,39,旧鼓楼大街路东中绦胡同,中绦胡同甲2号院,https://m.fang.com/xiaoqu/bj/1010398585.html,116.40482330322266,住宅
58ffba315e986a05d1cdbac2,101109,2003,28,东城,39.89921951293945,18,东二环广渠门桥西南角,东方财富公寓,https://m.fang.com/xiaoqu/bj/1010083704.html,116.4433822631836,住宅
58ffba325e986a05d1cdbac3,102036,1998,93,东城,39.885284423828125,13,天坛东门东南角,东四块玉南街,https://m.fang.com/xiaoqu/bj/1010345703.html,116.43109130859375,住宅
58ffba335e986a05d1cdbac4,112233,1995,28,东城,39.96525573730469,76,地铁和平里北街站东侧,和平里一区,https://m.fang.com/xiaoqu/bj/1010376113.html,116.42608642578125,住宅
58ffba355e986a05d1cdbac5,98961,2000,31,东城,39.937156677246094,9,东直门东四十条东门仓5号院,东门仓胡同,https://m.fang.com/xiaoqu/bj/1010637305.html,116.43810272216797,住宅
58ffba3a5e986a05d1cdbac6,99043,1995,11,东城,39.95904541015625,76,安德路乙61号院,安德路乙61号院,https://m.fang.com/xiaoqu/bj/1010413629.html,116.40016174316406,住宅
58ffba3d5e986a05d1cdbac7,113913,2000,50,东城,39.921138763427734,18,建国门北大街亚太大厦西侧100米,建国门北大街,https://m.fang.com/xiaoqu/bj/1010492223.html,116.44071197509766,住宅
58ffba425e986a05d1cdbac8,67000,1980,16,东城,39.90306854248047,31,东花市大街2号院(白桥大街西侧),东花市大街2号院,https://m.fang.com/xiaoqu/bj/1010627105.html,116.44554901123047,住宅
58ffba435e986a05d1cdbac9,87146,1990,1,东城,39.936588287353516,10,东直门王家园胡同南侧,东营房八条,https://m.fang.com/xiaoqu/bj/1010657899.html,116.44628143310547,住宅
58ffba475e986a05d1cdbaca,114655,2001,19,东城,39.92255783081055,25,王府井步行街新东安商场附近,锡拉胡同,https://m.fang.com/xiaoqu/bj/1010215971.html,116.41548919677734,住宅
58ffba4a5e986a05d1cdbacb,115135,1999,40,东城,39.92793655395508,38,王府井大饭店后边东厂胡同,东厂胡同,https://m.fang.com/xiaoqu/bj/1010215745.html,116.41556549072266,住宅
58ffba515e986a05d1cdbacc,74769,2003,2,东城,39.94955062866211,18,东直门外大街春秀路北口北100米,东直门外小街10号院,https://m.fang.com/xiaoqu/bj/1010340585.html,116.45185089111328,住宅
58ffba535e986a05d1cdbacd,67907,2001,19,东城,39.898597717285156,43,广渠门内大街与安化北里路交汇处西南角(广渠门内地铁站南侧),安化北里,https://m.fang.com/xiaoqu/bj/1010217577.html,116.44232940673828,住宅
58ffba575e986a05d1cdbace,99643,1996,56,东城,39.948326110839844,72,东直门外大街(地铁东直门站东北人饭店对面),察慈小区,https://m.fang.com/xiaoqu/bj/1010215717.html,116.44644927978516,住宅
58ffba5b5e986a05d1cdbacf,109920,1985,5,东城,39.935298919677734,18,东四十条东路南潘家坡胡同,潘家坡,https://m.fang.com/xiaoqu/bj/1010351583.html,116.44432830810547,住宅
58ffba635e986a05d1cdbad1,109987,1988,18,东城,39.95331954956055,NULL,东直门北小街西侧育树胡同,育树胡同,https://m.fang.com/xiaoqu/bj/1010631143.html,116.43072509765625,住宅
58ffba6a5e986a05d1cdbad2,93453,1995,32,东城,39.96864700317383,38,和平里西街西青年沟路23号,青年沟23号院,https://m.fang.com/xiaoqu/bj/1010661431.html,116.42333221435547,住宅
58ffba7a5e986a05d1cdbad3,98799,NULL,14,东城,39.92945098876953,6,朝阳门内东单明珠大厦后,后拐棒胡同,https://m.fang.com/xiaoqu/bj/1010675727.html,116.4305191040039,住宅
58ffba8c5e986a05d1cdbad4,81572,NULL,1,东城,39.88594436645508,NULL,天坛东路与龙潭路交口南行100米路东,西四块玉胡同,https://m.fang.com/xiaoqu/bj/1010123015.html,116.42874908447266,住宅
58ffba905e986a05d1cdbad5,86187,1976,27,东城,39.970577239990234,NULL,小黄庄前街3号院,小黄庄前街3号院,https://m.fang.com/xiaoqu/bj/1010122421.html,116.42225646972656,住宅
58ffba915e986a05d1cdbad6,117788,1985,33,东城,39.9643440246582,140,地坛北里9号(和平里北街南侧),地坛北里,https://m.fang.com/xiaoqu/bj/1010531543.html,116.42243194580078,住宅
58ffba935e986a05d1cdbad7,104764,2000,4,东城,39.96344757080078,84,安德里北街25号院,安德里北街25号院,https://m.fang.com/xiaoqu/bj/1010620663.html,116.39448547363281,住宅
58ffba9e5e986a05d1cdbad8,72642,1990,16,东城,39.88173294067383,14,天坛西里东区天坛医院旁,天坛西里东区,https://m.fang.com/xiaoqu/bj/1010502385.html,116.40865325927734,住宅
58ffbaa35e986a05d1cdbad9,101615,2000,62,东城,39.940521240234375,NULL,东四十条北侧北门仓胡同,北门仓,https://m.fang.com/xiaoqu/bj/1010528013.html,116.43437957763672,住宅
58ffbab75e986a05d1cdbada,100007,1970,27,东城,39.888179779052734,49,天坛东路与龙潭路交叉口南50米,天坛东里南区,https://m.fang.com/xiaoqu/bj/1010196955.html,116.42681121826172,住宅
58ffbabe5e986a05d1cdbadb,97452,2002,146,东城,39.8947868347168,210,天坛路87号,金鱼池中区,https://m.fang.com/xiaoqu/bj/1010197879.html,116.4164047241211,住宅
58ffbac55e986a05d1cdbadc,88586,1960,20,东城,39.965789794921875,41,和平里兴化东路12号,化工大院,https://m.fang.com/xiaoqu/bj/1010196629.html,116.42298126220703,住宅
58ffbaff5e986a05d1cdbadd,69369,NULL,2,东城,39.87250518798828,28,安乐林路与蒲黄榆五巷交点西南角,安乐林路17号(旁门,https://m.fang.com/xiaoqu/bj/1010122339.html,116.42288208007812,住宅
58ffbb095e986a05d1cdbadf,103336,2000,16,东城,39.95365905761719,32,安定门花园胡同(地铁安定门站西南500米),花园胡同,https://m.fang.com/xiaoqu/bj/1010601145.html,116.41057586669922,住宅
58ffbb1a5e986a05d1cdbae0,109602,2001,48,东城,39.920692443847656,19,朝内南小街与金宝街交叉口南150米,东堂子胡同,https://m.fang.com/xiaoqu/bj/1010215769.html,116.4262924194336,住宅
58ffbb315e986a05d1cdbae1,114538,2003,30,东城,39.94074249267578,38,北新仓胡同12号,东城区东四十条仓夹道,https://m.fang.com/xiaoqu/bj/1010397345.html,116.43801879882812,住宅
58ffbb3c5e986a05d1cdbae2,78841,1990,24,东城,39.91856384277344,32,长安街长安大戏院后100米,小羊宜宾胡同,https://m.fang.com/xiaoqu/bj/1010215989.html,116.4370346069336,住宅
58ffbb675e986a05d1cdbae3,114538,2003,30,东城,39.94074249267578,38,北新仓胡同12号,仓夹道,https://m.fang.com/xiaoqu/bj/1010397345.html,116.43801879882812,住宅
58ffbb675e986a05d1cdbae4,114697,2000,27,东城,39.95954132080078,42,和平里东街9号院,和平里东街9号院,https://m.fang.com/xiaoqu/bj/1010617383.html,116.43109130859375,住宅
58ffbb6f5e986a05d1cdbae5,96964,1992,4,东城,39.97208786010742,NULL,鼓楼外大街17号楼,鼓楼外大街17号楼,https://m.fang.com/xiaoqu/bj/1010658995.html,116.39972686767578,住宅
58ffbba85e986a05d1cdbae6,66094,NULL,3,东城,39.96805191040039,1,青年沟6号楼,青年沟6号楼,https://m.fang.com/xiaoqu/bj/1010823965.html,116.42235565185547,住宅
58ffbbcb5e986a05d1cdbae7,56889,2003,14,东城,39.872093200683594,40,西革新里112号院(陶然桥南侧400米),西革新里112号院,https://m.fang.com/xiaoqu/bj/1010659037.html,116.39531707763672,住宅
58ffbbcc5e986a05d1cdbae8,76841,2002,6,东城,39.87070846557617,11,安乐林路10号(安定路西侧),景泰嘉园,https://m.fang.com/xiaoqu/bj/1010017293.html,116.41903686523438,住宅
58ffbbd05e986a05d1cdbae9,63155,1999,34,东城,39.93622970581055,11,东城区东中街58号,美惠大厦,https://m.fang.com/xiaoqu/bj/1010015893.html,116.44351959228516,住宅
58ffbbd65e986a05d1cdbaea,67902,2002,16,东城,39.970699310302734,37,和平西街与小黄庄路交汇处西南角,豪威家园,https://m.fang.com/xiaoqu/bj/1010012054.html,116.42407989501953,住宅
58ffbbdf5e986a05d1cdbaeb,60164,1994,1,东城,39.959171295166016,50,安定门外大街183号,京宝花园,https://m.fang.com/xiaoqu/bj/1010001626.html,116.4131851196289,住宅
58ffbbe05e986a05d1cdbaec,90024,2004,61,东城,39.905052185058594,1,崇文门外大街3号,新世界酒店式公寓,https://m.fang.com/xiaoqu/bj/1010009964.html,116.42428588867188,住宅
58ffbbe95e986a05d1cdbaee,80599,1989,4,东城,39.937435150146484,9,朝阳门北大街新中街西侧,王家园社区,https://m.fang.com/xiaoqu/bj/1010215955.html,116.44380187988281,住宅
58ffbbe95e986a05d1cdbaef,106901,2001,64,东城,39.96944046020508,30,兴华路6号院,大龙公寓,https://m.fang.com/xiaoqu/bj/1010215531.html,116.41948699951172,住宅
58ffbbed5e986a05d1cdbaf0,101615,2000,62,东城,39.940521240234375,NULL,东四十条北侧北门仓胡同,北门仓胡同,https://m.fang.com/xiaoqu/bj/1010528013.html,116.43437957763672,住宅
58ffbbf15e986a05d1cdbaf1,89393,2002,44,东城,39.90082550048828,17,广渠门北里甲73号院,丽水湾畔,https://m.fang.com/xiaoqu/bj/1010012315.html,116.44941711425781,住宅
58ffbbf95e986a05d1cdbaf2,75133,2001,3,东城,39.957275390625,20,安德路55号院(地铁鼓楼大街站和安定门站之间),地兴居轻工业部宿舍,https://m.fang.com/xiaoqu/bj/1010199437.html,116.40795135498047,住宅
58ffbc225e986a05d1cdbaf4,92962,1992,10,东城,39.925270080566406,12,王府井灯市东口景山学校附近,同福夹道,https://m.fang.com/xiaoqu/bj/1010340783.html,116.42324829101562,住宅
58ffbc265e986a05d1cdbaf5,49447,1998,43,东城,39.86907958984375,77,永定门外管村路(革新南路南侧),管村10号院,https://m.fang.com/xiaoqu/bj/1010660455.html,116.40213012695312,住宅
58ffbc375e986a05d1cdbaf6,93900,2000,1,东城,39.93220138549805,5,中国美术馆东侧美术馆东街,美术馆东街,https://m.fang.com/xiaoqu/bj/1010639463.html,116.4170913696289,住宅
58ffbc5f5e986a05d1cdbaf8,100801,2000,4,东城,39.90598678588867,3,崇文门地铁站往西200米,东河沿,https://m.fang.com/xiaoqu/bj/1010498755.html,116.43061065673828,住宅
58ffbc705e986a05d1cdbaf9,115005,2000,1,东城,39.965084075927734,28,和平里北街丙14号,和平里北街丙14号,https://m.fang.com/xiaoqu/bj/1010604263.html,116.43287658691406,住宅
58ffbc925e986a05d1cdbafa,89393,2002,44,东城,39.90082550048828,17,广渠门北里甲73号院,丽水湾畔家园,https://m.fang.com/xiaoqu/bj/1010012315.html,116.44941711425781,住宅
58ffbca95e986a05d1cdbafb,143179,1983,21,东城,39.94191360473633,7,东城区平安大街宽街路口北,东棉花胡同,https://m.fang.com/xiaoqu/bj/1010387729.html,116.41436767578125,住宅
58ffbcaa5e986a05d1cdbafc,90828,2000,6,东城,39.9516716003418,1,民安街北侧东直门北小街16号院,东直门北小街16号院,https://m.fang.com/xiaoqu/bj/1010604343.html,116.43238067626953,住宅
58ffbcb35e986a05d1cdbafd,97965,2000,23,东城,39.96407699584961,12,和平里中街3号院,和平里中街3号院,https://m.fang.com/xiaoqu/bj/1010532985.html,116.43006896972656,住宅
58ffbce45e986a05d1cdbaff,110476,2007,8,东城,39.96334457397461,104,和平里北街地铁站东侧,和平里二区,https://m.fang.com/xiaoqu/bj/1010198065.html,116.4289321899414,住宅
58ffbcf35e986a05d1cdbb00,49447,1998,43,东城,39.86907958984375,77,永定门外管村路(革新南路南侧),管村甲10号楼,https://m.fang.com/xiaoqu/bj/1010660455.html,116.40213012695312,住宅
58ffbd0c5e986a05d1cdbb01,106342,2010,2,东城,39.96171951293945,17,六铺炕甲3号4号楼,府上嘉园,https://m.fang.com/xiaoqu/bj/1010167823.html,116.40057373046875,住宅
58ffbd1a5e986a05d1cdbb02,67902,2002,16,东城,39.970699310302734,37,和平西街与小黄庄路交汇处西南角,豪威嘉园,https://m.fang.com/xiaoqu/bj/1010012054.html,116.42407989501953,住宅
58ffbd2e5e986a05d1cdbb03,112604,2000,8,东城,39.96157455444336,51,安德里北街甲22号(青年湖公园北门往西100米),湖景苑,https://m.fang.com/xiaoqu/bj/1010344983.html,116.4048080444336,住宅
58ffbd3d5e986a05d1cdbb04,114355,2005,21,东城,39.95756149291992,62,安德路甲10号,巷上嘉园,https://m.fang.com/xiaoqu/bj/1010316521.html,116.4064712524414,住宅
58ffbd455e986a05d1cdbb05,125886,2001,1,东城,39.923095703125,55,禄米仓胡同42-1号,禄米仓胡同,https://m.fang.com/xiaoqu/bj/1010215861.html,116.43648529052734,住宅
58ffbd965e986a05d1cdbb06,66237,2000,15,东城,39.88896179199219,11,龙潭北里三条9号(龙潭湖公园北50米),龙腾阁,https://m.fang.com/xiaoqu/bj/1010003336.html,116.44420623779297,住宅
58ffbd9d5e986a05d1cdbb07,111656,1999,60,东城,39.95305252075195,58,安定门内永康胡同2号(城铁安定门和雍和宫之间),官书院,https://m.fang.com/xiaoqu/bj/1010012279.html,116.41764068603516,住宅
58ffbdee5e986a05d1cdbb08,103772,2002,66,东城,39.9012565612793,129,广外大街马圈1号,远洋德邑,https://m.fang.com/xiaoqu/bj/1010024801.html,116.45228576660156,住宅
58ffbdff5e986a05d1cdbb09,111656,1999,60,东城,39.95305252075195,58,安定门内永康胡同2号(城铁安定门和雍和宫之间),官书苑,https://m.fang.com/xiaoqu/bj/1010012279.html,116.41764068603516,住宅
58ffbe1b5e986a05d1cdbb0a,123483,2003,15,东城,39.951904296875,21,东直门北小街16号院,华冠丽景,https://m.fang.com/xiaoqu/bj/1010012382.html,116.43328094482422,住宅
58ffbe395e986a05d1cdbb0b,88958,2016,112,东城,39.96492385864258,NULL,安定门外大街86号,盛德紫阙,https://m.fang.com/xiaoqu/bj/1010775361.html,116.41543579101562,住宅
58ffbe775e986a05d1cdbb0c,71733,2002,17,东城,39.96879959106445,16,外馆斜街51号,凯景铭座,https://m.fang.com/xiaoqu/bj/1010003442.html,116.4100341796875,住宅
58ffbe785e986a05d1cdbb0d,90873,2000,17,东城,39.92091751098633,11,金宝街2号(建国门桥西北角),雅安国际商务公寓,https://m.fang.com/xiaoqu/bj/1010122783.html,116.4400405883789,住宅
58ffbe7d5e986a05d1cdbb0e,72954,2003,32,东城,39.95254135131836,22,安定门内花园东巷29号,安馨园,https://m.fang.com/xiaoqu/bj/1010026553.html,116.41120910644531,住宅
58ffbe845e986a05d1cdbb0f,65714,2001,1,东城,39.90595245361328,1,东花市北里中区1号,华德公寓,https://m.fang.com/xiaoqu/bj/1010195189.html,116.44141387939453,住宅
58ffbe955e986a05d1cdbb10,76246,2000,2,东城,39.953426361083984,66,南馆公园西侧东直门北小街8号,东直门北小街8号院,https://m.fang.com/xiaoqu/bj/1010561267.html,116.43285369873047,住宅
58ffbea15e986a05d1cdbb11,114371,2008,509,东城,39.956356048583984,23,东直门香河园路1号,当代moma,https://m.fang.com/xiaoqu/bj/1010187103.html,116.44364166259766,住宅
58ffbec05e986a05d1cdbb12,88043,1980,2,东城,39.974143981933594,1,北三环东路南小黄庄路三条,小黄庄三条,https://m.fang.com/xiaoqu/bj/1010656051.html,116.4225845336914,住宅
58ffbec55e986a05d1cdbb13,101669,1999,26,东城,39.954280853271484,8,安定门内宝钞胡同1号,宝钞苑,https://m.fang.com/xiaoqu/bj/1010000903.html,116.40552520751953,住宅
58ffbecd5e986a05d1cdbb14,86245,2001,7,东城,39.89370346069336,25,幸福大街西侧南岗子街,南岗子小区,https://m.fang.com/xiaoqu/bj/1010217793.html,116.43415832519531,住宅
58ffbece5e986a05d1cdbb15,124275,2001,10,东城,39.949867248535156,5,北新桥前永康胡同,前永康小区,https://m.fang.com/xiaoqu/bj/1010215917.html,116.4249496459961,住宅
58ffbed25e986a05d1cdbb16,70898,2001,60,东城,39.86945343017578,98,永外管村32号(木樨园桥西北1000米),悠胜美苑,https://m.fang.com/xiaoqu/bj/1010072986.html,116.40011596679688,住宅
58ffbede5e986a05d1cdbb18,78541,1989,3,东城,39.87287139892578,42,南二环景泰桥南600米,李村南里,https://m.fang.com/xiaoqu/bj/1010348543.html,116.42118072509766,住宅
58ffbeec5e986a05d1cdbb19,109890,1993,6,东城,39.90850067138672,9,崇文门西大街北侧(地铁崇文门站西北侧),东交民巷,https://m.fang.com/xiaoqu/bj/1010443463.html,116.41390991210938,住宅
58ffbef35e986a05d1cdbb1a,100007,1970,27,东城,39.888179779052734,49,天坛东路与龙潭路交叉口南50米,天坛东里北区,https://m.fang.com/xiaoqu/bj/1010196955.html,116.42681121826172,住宅
58ffbf025e986a05d1cdbb1b,91922,2000,3,东城,39.96588134765625,56,东城区安外大街80号院,安外大街80号院,https://m.fang.com/xiaoqu/bj/1010499029.html,116.41474914550781,住宅
58ffbf035e986a05d1cdbb1c,87695,2002,1,东城,39.896453857421875,35,广渠门桥东南角(7号线广渠门外地铁站南侧),广渠门外南街,https://m.fang.com/xiaoqu/bj/1010343423.html,116.45211791992188,住宅
58ffbf045e986a05d1cdbb1d,109783,1999,156,东城,39.947574615478516,260,二到三环之间东直门外大街两侧,东直门外大街40号楼,https://m.fang.com/xiaoqu/bj/1010652105.html,116.45071411132812,住宅
58ffbf0b5e986a05d1cdbb1e,79917,1999,20,东城,39.920814514160156,13,建国门立交桥西北300米,雅宝公寓,https://m.fang.com/xiaoqu/bj/1010009768.html,116.43882751464844,住宅
58ffbf285e986a05d1cdbb20,109987,2005,41,东城,39.92915344238281,7,朝阳门地铁H出口,东水井胡同,https://m.fang.com/xiaoqu/bj/1010316627.html,116.43790435791016,住宅
58ffbf295e986a05d1cdbb21,88537,2000,6,东城,39.920223236083984,9,朝阳门内南小街、协和医院东一公里,北总布胡同,https://m.fang.com/xiaoqu/bj/1010504275.html,116.4379653930664,住宅
58ffbf2e5e986a05d1cdbb22,108128,1994,5,东城,39.941532135009766,174,东直门桥东方银座南边,东直门南大街,https://m.fang.com/xiaoqu/bj/1010343345.html,116.44169616699219,住宅
58ffbf325e986a05d1cdbb23,119418,1983,12,东城,39.945716857910156,61,东直门外大街南侧紧邻西中街小学,十字坡东里,https://m.fang.com/xiaoqu/bj/1010572545.html,116.44637298583984,住宅
58ffbf4a5e986a05d1cdbb24,129884,1985,1,东城,39.93476486206055,2,华侨大厦美术馆西东皇城根北街,东皇城根北街,https://m.fang.com/xiaoqu/bj/1010673833.html,116.41419982910156,住宅
58ffbf575e986a05d1cdbb25,30642,1998,12,东城,39.86798858642578,NULL,崇文区沙子口路50号,沙子口路50号楼,https://m.fang.com/xiaoqu/bj/1010832037.html,116.41214752197266,住宅
58ffbf655e986a05d1cdbb26,75582,2008,314,东城,39.94815444946289,3,东直门内大街9号(东直门北中街西侧),Naga上院,https://m.fang.com/xiaoqu/bj/1010091907.html,116.4341812133789,住宅
58ffbf685e986a05d1cdbb27,110630,2001,12,东城,39.89208221435547,23,光明桥北约200米路西夕照寺街,板厂新里,https://m.fang.com/xiaoqu/bj/1010217581.html,116.45018768310547,住宅
58ffbfd65e986a05d1cdbb28,101209,1999,1,东城,39.959964752197266,72,青年湖南门西侧鼓楼外大街东侧,青年湖南街,https://m.fang.com/xiaoqu/bj/1010417347.html,116.40275573730469,住宅
58ffbfe55e986a05d1cdbb29,118940,NULL,1,东城,39.9418830871582,11,东棉花胡同2号院,东棉花胡同2号院,https://m.fang.com/xiaoqu/bj/1010122245.html,116.41477966308594,住宅
58ffc0585e986a05d1cdbb2a,130058,1991,1,东城,39.92094421386719,NULL,东华门大街20号楼,东华门,https://m.fang.com/xiaoqu/bj/1010397353.html,116.41107940673828,住宅
58ffc07d5e986a05d1cdbb2b,96646,2004,3,东城,39.94111633300781,10,东直门外东中街46号,东中公寓,https://m.fang.com/xiaoqu/bj/1010302743.html,116.44374084472656,住宅
58ffc0875e986a05d1cdbb2c,80872,2007,1,东城,39.905235290527344,NULL,忠实里南街东花市,金世纪嘉园三期,https://m.fang.com/xiaoqu/bj/1010316837.html,116.45301818847656,住宅
58ffc08c5e986a05d1cdbb2d,110665,2003,2,东城,39.891517639160156,3,幸福大街59号,天坛公馆,https://m.fang.com/xiaoqu/bj/1010037453.html,116.43759155273438,住宅
58ffc0a65e986a05d1cdbb2e,56705,2001,21,东城,39.90556335449219,9,东花市北里西区23号、东花市北里西区24号,宝润苑,https://m.fang.com/xiaoqu/bj/1010001399.html,116.4345932006836,住宅
58ffc0aa5e986a05d1cdbb2f,94516,1999,70,东城,39.90712356567383,16,崇文门地铁东300米,东后河沿,https://m.fang.com/xiaoqu/bj/1010345663.html,116.42774200439453,住宅
58ffc0b35e986a05d1cdbb30,125831,2004,1,东城,39.9017219543457,2,崇文门外大街崇文区文化馆西侧,新世界家园二期,https://m.fang.com/xiaoqu/bj/1010316893.html,116.42330169677734,住宅
58ffc0d35e986a05d1cdbb31,72099,1996,20,东城,39.879676818847656,NULL,龙潭湖东路8号,怡龙别墅公寓,https://m.fang.com/xiaoqu/bj/1010000237.html,116.44898223876953,住宅
58ffc13c5e986a05d1cdbb32,116472,2000,6,东城,39.933589935302734,6,东四北大街西面东四四条39号,东四四条,https://m.fang.com/xiaoqu/bj/1010566465.html,116.42872619628906,住宅
58ffc1495e986a05d1cdbb33,131061,2010,221,东城,39.922332763671875,NULL,王府井霞公府7号,霞公府,https://m.fang.com/xiaoqu/bj/1010215977.html,116.41728210449219,住宅
58ffc16b5e986a05d1cdbb34,122839,2012,6,东城,39.934326171875,NULL,北河沿大街甲77号,北河沿甲柒拾柒号,https://m.fang.com/xiaoqu/bj/1010764361.html,116.41080474853516,住宅
58ffc18a5e986a05d1cdbb35,103165,2001,5,东城,39.945430755615234,NULL,北新桥地铁C口向东100米路南,九道湾南巷,https://m.fang.com/xiaoqu/bj/1010215841.html,116.42652893066406,住宅
58ffc18e5e986a05d1cdbb36,76096,1997,6,东城,39.879638671875,4,龙潭湖东路8号(龙潭湖公园南侧),怡龙别墅,https://m.fang.com/xiaoqu/bj/1010001765.html,116.44889831542969,别墅
58ffc1c55e986a05d1cdbb37,91424,2000,3,东城,39.96438217163086,NULL,和平里东街与和平里中街路口东北侧,和平东街10号院,https://m.fang.com/xiaoqu/bj/1010553663.html,116.43219757080078,住宅
58ffc23f5e986a05d1cdbb38,119782,2001,1,东城,39.93952178955078,14,地铁张自忠路站东侧,东四十条小区,https://m.fang.com/xiaoqu/bj/1010215765.html,116.42610168457031,住宅